house_id,housing_category,house_type,location,size_sqm,cost_per_sqm_ksh,construction_cost_ksh,financing_cost_ksh,markup_ksh,government_subsidy_ksh,final_price_ksh,interest_rate_pct,repayment_years,monthly_repayment_ksh,buyer_monthly_income_ksh,housing_levy_contribution_ksh,affordability_ratio,affordable
KE-0001,Affordable,2-Bedroom,Kisumu,54,53617.0,2895300.0,579100.0,496800.0,278000.0,3693200.0,6.0,20,26460.0,47500,710.0,0.557,0
KE-0002,Market-Rate,1-Bedroom,Westlands,36,92954.0,3346300.0,669300.0,803100.0,0.0,4818700.0,9.0,25,40440.0,395200,5930.0,0.102,1
KE-0003,Affordable,1-Bedroom,Kisumu,33,54498.0,1798400.0,359700.0,308600.0,172600.0,2294100.0,6.0,25,14780.0,44000,660.0,0.336,0
KE-0004,Affordable,1-Bedroom,Kasarani,32,52836.0,1690700.0,338100.0,290100.0,162300.0,2156600.0,6.0,30,12930.0,132600,1990.0,0.098,1
KE-0005,Social,2-Bedroom,Nairobi CBD,54,60409.0,3262100.0,652400.0,368000.0,587200.0,3695300.0,3.0,30,15580.0,16500,250.0,0.944,0
KE-0006,Social,2-Bedroom,Ruiru,54,38506.0,2079300.0,415900.0,234500.0,374300.0,2355400.0,3.0,15,16270.0,19000,280.0,0.856,0
KE-0007,Social,Studio,Kasarani,21,43040.0,903800.0,180800.0,102000.0,162700.0,1023900.0,3.0,15,7070.0,11100,170.0,0.637,0
KE-0008,Market-Rate,Studio,Embakasi,18,74730.0,1345100.0,269000.0,322800.0,0.0,1936900.0,9.0,30,15580.0,300300,4500.0,0.052,1
KE-0009,Affordable,Studio,Embakasi,18,49719.0,894900.0,179000.0,153600.0,85900.0,1141600.0,6.0,20,8180.0,105700,1590.0,0.077,1
KE-0010,Affordable,2-Bedroom,Kisumu,58,52425.0,3040700.0,608100.0,521800.0,291900.0,3878700.0,6.0,25,24990.0,85900,1290.0,0.291,1
KE-0011,Social,2-Bedroom,Mombasa,56,50472.0,2826400.0,565300.0,318800.0,508800.0,3201700.0,3.0,25,15180.0,18100,270.0,0.839,0
KE-0012,Market-Rate,1-Bedroom,Eastlands,33,66504.0,2194600.0,438900.0,526700.0,0.0,3160200.0,9.0,30,25430.0,247500,3710.0,0.103,1
KE-0013,Market-Rate,Studio,Mombasa,22,84231.0,1853100.0,370600.0,444700.0,0.0,2668400.0,9.0,15,27060.0,331400,4970.0,0.082,1
KE-0014,Social,Studio,Nakuru,20,36164.0,723300.0,144700.0,81600.0,130200.0,819400.0,3.0,25,3890.0,12700,190.0,0.306,0
KE-0015,Social,3-Bedroom,Mombasa,83,52914.0,4391900.0,878400.0,495400.0,790500.0,4975200.0,3.0,15,34360.0,18500,280.0,1.857,0
KE-0016,Social,1-Bedroom,Nakuru,37,38738.0,1433300.0,286700.0,161700.0,258000.0,1623700.0,3.0,15,11210.0,16600,250.0,0.675,0
KE-0017,Affordable,2-Bedroom,Nakuru,52,44747.0,2326800.0,465400.0,399300.0,223400.0,2968100.0,6.0,25,19120.0,57200,860.0,0.334,0
KE-0018,Affordable,2-Bedroom,Ruiru,54,44421.0,2398700.0,479700.0,411600.0,230300.0,3059700.0,6.0,30,18340.0,48300,720.0,0.38,0
KE-0019,Affordable,1-Bedroom,Nairobi CBD,38,66603.0,2530900.0,506200.0,434300.0,243000.0,3228400.0,6.0,25,20800.0,83300,1250.0,0.25,1
KE-0020,Social,1-Bedroom,Ruiru,32,37994.0,1215800.0,243200.0,137100.0,218800.0,1377300.0,3.0,25,6530.0,13000,200.0,0.502,0
KE-0021,Affordable,Studio,Nakuru,19,42794.0,813100.0,162600.0,139500.0,78100.0,1037100.0,6.0,25,6680.0,134600,2020.0,0.05,1
KE-0022,Social,2-Bedroom,Kasarani,55,42249.0,2323700.0,464700.0,262100.0,418300.0,2632200.0,3.0,25,12480.0,16600,250.0,0.752,0
KE-0023,Social,2-Bedroom,Embakasi,53,39966.0,2118200.0,423600.0,238900.0,381300.0,2399400.0,3.0,20,13310.0,10900,160.0,1.221,0
KE-0024,Affordable,2-Bedroom,Nakuru,57,44091.0,2513200.0,502600.0,431300.0,241300.0,3205800.0,6.0,30,19220.0,134000,2010.0,0.143,1
KE-0025,Affordable,2-Bedroom,Ruiru,56,43925.0,2459800.0,492000.0,422100.0,236100.0,3137800.0,6.0,25,20220.0,56600,850.0,0.357,0
KE-0026,Affordable,Studio,Kasarani,22,47907.0,1054000.0,210800.0,180900.0,101200.0,1344500.0,6.0,30,8060.0,143400,2150.0,0.056,1
KE-0027,Social,3-Bedroom,Ruiru,80,39560.0,3164800.0,633000.0,357000.0,569700.0,3585100.0,3.0,15,24760.0,10100,150.0,2.451,0
KE-0028,Affordable,2-Bedroom,Mombasa,52,58397.0,3036600.0,607300.0,521100.0,291500.0,3873500.0,6.0,25,24960.0,28200,420.0,0.885,0
KE-0029,Affordable,1-Bedroom,Westlands,36,65941.0,2373900.0,474800.0,407400.0,227900.0,3028200.0,6.0,25,19510.0,53300,800.0,0.366,0
KE-0030,Social,3-Bedroom,Kisumu,78,46564.0,3632000.0,726400.0,409700.0,653800.0,4114300.0,3.0,25,19510.0,12300,180.0,1.586,0
KE-0031,Affordable,2-Bedroom,Eastlands,55,44049.0,2422700.0,484500.0,415700.0,232600.0,3090300.0,6.0,20,22140.0,25700,390.0,0.861,0
KE-0032,Social,2-Bedroom,Ruiru,56,39269.0,2199100.0,439800.0,248100.0,395800.0,2491200.0,3.0,25,11810.0,17900,270.0,0.66,0
KE-0033,Social,2-Bedroom,Eastlands,55,35894.0,1974200.0,394800.0,222700.0,355400.0,2236300.0,3.0,30,9430.0,15800,240.0,0.597,0
KE-0034,Market-Rate,2-Bedroom,Kibera,55,57566.0,3166100.0,633200.0,759900.0,0.0,4559200.0,9.0,20,41020.0,202700,3040.0,0.202,1
KE-0035,Market-Rate,2-Bedroom,Ruiru,53,69037.0,3659000.0,731800.0,878200.0,0.0,5269000.0,9.0,30,42400.0,164000,2460.0,0.259,1
KE-0036,Market-Rate,Studio,Westlands,23,96760.0,2225500.0,445100.0,534100.0,0.0,3204700.0,9.0,25,26890.0,169600,2540.0,0.159,1
KE-0037,Affordable,1-Bedroom,Eastlands,34,43776.0,1488400.0,297700.0,255400.0,142900.0,1898600.0,6.0,25,12230.0,92600,1390.0,0.132,1
KE-0038,Social,3-Bedroom,Nakuru,81,39407.0,3191900.0,638400.0,360000.0,574500.0,3615800.0,3.0,15,24970.0,19100,290.0,1.307,0
KE-0039,Affordable,1-Bedroom,Ruiru,33,43568.0,1437700.0,287500.0,246700.0,138000.0,1833900.0,6.0,25,11820.0,20600,310.0,0.574,0
KE-0040,Affordable,1-Bedroom,Nairobi CBD,35,70387.0,2463500.0,492700.0,422700.0,236500.0,3142400.0,6.0,20,22510.0,49900,750.0,0.451,0
KE-0041,Social,1-Bedroom,Kisumu,33,46453.0,1532900.0,306600.0,172900.0,275900.0,1736500.0,3.0,30,7320.0,17000,260.0,0.431,0
KE-0042,Affordable,1-Bedroom,Westlands,38,64242.0,2441200.0,488200.0,418900.0,234400.0,3113900.0,6.0,30,18670.0,37000,560.0,0.505,0
KE-0043,Social,2-Bedroom,Eastlands,54,35268.0,1904500.0,380900.0,214800.0,342800.0,2157400.0,3.0,15,14900.0,17100,260.0,0.871,0
KE-0044,Market-Rate,3-Bedroom,Westlands,82,100479.0,8239300.0,1647900.0,1977400.0,0.0,11864600.0,9.0,20,106750.0,367700,5520.0,0.29,1
KE-0045,Social,1-Bedroom,Kasarani,36,41979.0,1511300.0,302300.0,170500.0,272000.0,1712100.0,3.0,15,11820.0,11100,170.0,1.065,0
KE-0046,Affordable,Studio,Kisumu,19,53379.0,1014200.0,202800.0,174000.0,97400.0,1293600.0,6.0,25,8330.0,123500,1850.0,0.067,1
KE-0047,Affordable,Studio,Nakuru,17,44661.0,759200.0,151800.0,130300.0,72900.0,968400.0,6.0,30,5810.0,86700,1300.0,0.067,1
KE-0048,Affordable,3-Bedroom,Ruiru,81,47702.0,3863800.0,772800.0,663000.0,370900.0,4928700.0,6.0,30,29550.0,88200,1320.0,0.335,0
KE-0049,Affordable,2-Bedroom,Ruiru,54,45548.0,2459600.0,491900.0,422100.0,236100.0,3137500.0,6.0,15,26480.0,25200,380.0,1.051,0
KE-0050,Social,1-Bedroom,Ruiru,35,38518.0,1348100.0,269600.0,152100.0,242700.0,1527100.0,3.0,15,10550.0,19000,280.0,0.555,0
KE-0051,Market-Rate,2-Bedroom,Kisumu,56,77434.0,4336300.0,867300.0,1040700.0,0.0,6244300.0,9.0,20,56180.0,334100,5010.0,0.168,1
KE-0052,Affordable,3-Bedroom,Nairobi CBD,81,67759.0,5488500.0,1097700.0,941800.0,526900.0,7001100.0,6.0,30,41980.0,44500,670.0,0.943,0
KE-0053,Market-Rate,2-Bedroom,Kibera,53,56764.0,3008500.0,601700.0,722000.0,0.0,4332200.0,9.0,30,34860.0,165000,2480.0,0.211,1
KE-0054,Market-Rate,3-Bedroom,Embakasi,80,68879.0,5510300.0,1102100.0,1322500.0,0.0,7934900.0,9.0,30,63850.0,248000,3720.0,0.257,1
KE-0055,Affordable,1-Bedroom,Mombasa,32,58270.0,1864600.0,372900.0,320000.0,179000.0,2378500.0,6.0,30,14260.0,59400,890.0,0.24,1
KE-0056,Market-Rate,2-Bedroom,Eastlands,57,64568.0,3680400.0,736100.0,883300.0,0.0,5299800.0,9.0,30,42640.0,365600,5480.0,0.117,1
KE-0057,Social,1-Bedroom,Nairobi CBD,38,60934.0,2315500.0,463100.0,261200.0,416800.0,2623000.0,3.0,30,11060.0,11300,170.0,0.979,0
KE-0058,Social,2-Bedroom,Nakuru,54,36653.0,1979300.0,395900.0,223300.0,356300.0,2242200.0,3.0,30,9450.0,17400,260.0,0.543,0
KE-0059,Social,2-Bedroom,Eastlands,53,38381.0,2034200.0,406800.0,229500.0,366200.0,2304300.0,3.0,15,15910.0,12300,180.0,1.293,0
KE-0060,Affordable,2-Bedroom,Ruiru,54,47412.0,2560200.0,512000.0,439300.0,245800.0,3265700.0,6.0,25,21040.0,66800,1000.0,0.315,0
KE-0061,Affordable,2-Bedroom,Westlands,52,67868.0,3529100.0,705800.0,605600.0,338800.0,4501700.0,6.0,25,29000.0,76600,1150.0,0.379,0
KE-0062,Social,Studio,Nakuru,17,39113.0,664900.0,133000.0,75000.0,119700.0,753200.0,3.0,20,4180.0,13800,210.0,0.303,0
KE-0063,Market-Rate,2-Bedroom,Eastlands,56,62316.0,3489700.0,697900.0,837500.0,0.0,5025100.0,9.0,30,40430.0,155800,2340.0,0.259,1
KE-0064,Affordable,3-Bedroom,Ruiru,83,47045.0,3904800.0,781000.0,670100.0,374900.0,4981000.0,6.0,20,35690.0,55900,840.0,0.638,0
KE-0065,Social,3-Bedroom,Eastlands,77,38579.0,2970600.0,594100.0,335100.0,534700.0,3365100.0,3.0,20,18660.0,16000,240.0,1.166,0
KE-0066,Affordable,Studio,Westlands,19,64059.0,1217100.0,243400.0,208900.0,116800.0,1552600.0,6.0,25,10000.0,108000,1620.0,0.093,1
KE-0067,Social,Studio,Ruiru,20,38746.0,774900.0,155000.0,87400.0,139500.0,877800.0,3.0,30,3700.0,19000,280.0,0.195,1
KE-0068,Market-Rate,Studio,Kibera,20,55038.0,1100800.0,220200.0,264200.0,0.0,1585200.0,9.0,20,14260.0,152800,2290.0,0.093,1
KE-0069,Social,2-Bedroom,Nairobi CBD,56,56300.0,3152800.0,630600.0,355600.0,567500.0,3571500.0,3.0,30,15060.0,16600,250.0,0.907,0
KE-0070,Market-Rate,2-Bedroom,Kasarani,57,79176.0,4513100.0,902600.0,1083100.0,0.0,6498800.0,9.0,15,65920.0,215100,3230.0,0.306,0
KE-0071,Affordable,1-Bedroom,Mombasa,34,60294.0,2050000.0,410000.0,351800.0,196800.0,2615000.0,6.0,30,15680.0,74600,1120.0,0.21,1
KE-0072,Social,2-Bedroom,Kisumu,54,45176.0,2439500.0,487900.0,275200.0,439100.0,2763500.0,3.0,20,15330.0,16000,240.0,0.958,0
KE-0073,Social,2-Bedroom,Mombasa,52,51058.0,2655000.0,531000.0,299500.0,477900.0,3007600.0,3.0,30,12680.0,10900,160.0,1.163,0
KE-0074,Market-Rate,2-Bedroom,Nakuru,58,62400.0,3619200.0,723800.0,868600.0,0.0,5211600.0,9.0,15,52860.0,403300,6050.0,0.131,1
KE-0075,Affordable,2-Bedroom,Mombasa,54,56462.0,3049000.0,609800.0,523200.0,292700.0,3889300.0,6.0,15,32820.0,24100,360.0,1.362,0
KE-0076,Affordable,2-Bedroom,Ruiru,53,44096.0,2337100.0,467400.0,401000.0,224400.0,2981100.0,6.0,25,19210.0,80900,1210.0,0.237,1
KE-0077,Affordable,2-Bedroom,Kibera,57,39463.0,2249400.0,449900.0,386000.0,215900.0,2869400.0,6.0,25,18490.0,32500,490.0,0.569,0
KE-0078,Social,1-Bedroom,Kasarani,32,46246.0,1479900.0,296000.0,166900.0,266400.0,1676400.0,3.0,25,7950.0,17500,260.0,0.454,0
KE-0079,Affordable,2-Bedroom,Nairobi CBD,53,67626.0,3584200.0,716800.0,615000.0,344100.0,4571900.0,6.0,20,32750.0,30300,450.0,1.081,0
KE-0080,Social,2-Bedroom,Nairobi CBD,56,56666.0,3173300.0,634700.0,358000.0,571200.0,3594800.0,3.0,30,15160.0,11300,170.0,1.342,0
KE-0081,Market-Rate,3-Bedroom,Westlands,80,95291.0,7623300.0,1524700.0,1829600.0,0.0,10977600.0,9.0,25,92120.0,340400,5110.0,0.271,1
KE-0082,Affordable,2-Bedroom,Kisumu,56,50177.0,2809900.0,562000.0,482200.0,269800.0,3584300.0,6.0,20,25680.0,99700,1500.0,0.258,1
KE-0083,Affordable,2-Bedroom,Eastlands,55,43826.0,2410400.0,482100.0,413600.0,231400.0,3074700.0,6.0,25,19810.0,39500,590.0,0.502,0
KE-0084,Social,Studio,Kibera,21,35227.0,739800.0,148000.0,83500.0,133200.0,838100.0,3.0,15,5790.0,17700,270.0,0.327,0
KE-0085,Affordable,1-Bedroom,Eastlands,34,43149.0,1467100.0,293400.0,251800.0,140800.0,1871500.0,6.0,30,11220.0,141000,2120.0,0.08,1
KE-0086,Affordable,Studio,Kasarani,18,49714.0,894800.0,179000.0,153600.0,85900.0,1141500.0,6.0,15,9630.0,112900,1690.0,0.085,1
KE-0087,Affordable,1-Bedroom,Mombasa,35,56719.0,1985200.0,397000.0,340700.0,190600.0,2532300.0,6.0,25,16320.0,135200,2030.0,0.121,1
KE-0088,Affordable,2-Bedroom,Nairobi CBD,52,70505.0,3666200.0,733200.0,629100.0,352000.0,4676500.0,6.0,25,30130.0,93600,1400.0,0.322,0
KE-0089,Market-Rate,3-Bedroom,Kasarani,78,73326.0,5719500.0,1143900.0,1372700.0,0.0,8236100.0,9.0,25,69120.0,319900,4800.0,0.216,1
KE-0090,Affordable,Studio,Mombasa,17,55448.0,942600.0,188500.0,161700.0,90500.0,1202300.0,6.0,15,10150.0,126000,1890.0,0.081,1
KE-0091,Social,1-Bedroom,Nairobi CBD,33,60359.0,1991900.0,398400.0,224700.0,358500.0,2256500.0,3.0,30,9510.0,14100,210.0,0.674,0
KE-0092,Affordable,2-Bedroom,Mombasa,53,54811.0,2905000.0,581000.0,498500.0,278900.0,3705600.0,6.0,20,26550.0,125400,1880.0,0.212,1
KE-0093,Affordable,1-Bedroom,Kisumu,36,52646.0,1895300.0,379100.0,325200.0,182000.0,2417600.0,6.0,25,15580.0,100100,1500.0,0.156,1
KE-0094,Affordable,2-Bedroom,Kibera,55,38629.0,2124600.0,424900.0,364600.0,204000.0,2710100.0,6.0,25,17460.0,137800,2070.0,0.127,1
KE-0095,Affordable,2-Bedroom,Nakuru,55,43883.0,2413600.0,482700.0,414200.0,231700.0,3078800.0,6.0,25,19840.0,51500,770.0,0.385,0
KE-0096,Affordable,2-Bedroom,Kasarani,58,51911.0,3010800.0,602200.0,516700.0,289000.0,3840700.0,6.0,25,24750.0,31200,470.0,0.793,0
KE-0097,Affordable,Studio,Kasarani,18,51401.0,925200.0,185000.0,158800.0,88800.0,1180200.0,6.0,15,9960.0,53000,800.0,0.188,1
KE-0098,Affordable,1-Bedroom,Embakasi,34,48066.0,1634300.0,326900.0,280500.0,156900.0,2084800.0,6.0,15,17590.0,55300,830.0,0.318,0
KE-0099,Social,2-Bedroom,Ruiru,54,41456.0,2238600.0,447700.0,252500.0,402900.0,2535900.0,3.0,15,17510.0,12000,180.0,1.459,0
KE-0100,Social,2-Bedroom,Kisumu,52,46247.0,2404800.0,481000.0,271300.0,432900.0,2724200.0,3.0,20,15110.0,11900,180.0,1.27,0
KE-0101,Social,Studio,Kisumu,17,46869.0,796800.0,159400.0,89900.0,143400.0,902700.0,3.0,25,4280.0,16100,240.0,0.266,1
KE-0102,Affordable,2-Bedroom,Eastlands,56,44066.0,2467700.0,493500.0,423500.0,236900.0,3147800.0,6.0,30,18870.0,129400,1940.0,0.146,1
KE-0103,Affordable,Studio,Mombasa,18,56329.0,1013900.0,202800.0,174000.0,97300.0,1293400.0,6.0,20,9270.0,23300,350.0,0.398,0
KE-0104,Affordable,2-Bedroom,Ruiru,52,47217.0,2455300.0,491100.0,421300.0,235700.0,3132000.0,6.0,20,22440.0,102000,1530.0,0.22,1
KE-0105,Market-Rate,1-Bedroom,Kibera,32,59641.0,1908500.0,381700.0,458000.0,0.0,2748200.0,9.0,15,27870.0,331900,4980.0,0.084,1
KE-0106,Social,3-Bedroom,Kibera,82,33286.0,2729500.0,545900.0,307900.0,491300.0,3092000.0,3.0,20,17150.0,10700,160.0,1.603,0
KE-0107,Affordable,1-Bedroom,Kisumu,33,53348.0,1760500.0,352100.0,302100.0,169000.0,2245700.0,6.0,30,13460.0,83900,1260.0,0.16,1
KE-0108,Affordable,1-Bedroom,Kibera,36,38626.0,1390500.0,278100.0,238600.0,133500.0,1773700.0,6.0,15,14970.0,83300,1250.0,0.18,1
KE-0109,Social,Studio,Embakasi,17,43200.0,734400.0,146900.0,82800.0,132200.0,831900.0,3.0,25,3940.0,19800,300.0,0.199,1
KE-0110,Social,1-Bedroom,Kasarani,36,46036.0,1657300.0,331500.0,186900.0,298300.0,1877400.0,3.0,30,7920.0,10700,160.0,0.74,0
KE-0111,Social,3-Bedroom,Westlands,80,57022.0,4561800.0,912400.0,514600.0,821100.0,5167700.0,3.0,15,35690.0,15900,240.0,2.245,0
KE-0112,Social,3-Bedroom,Nakuru,81,38919.0,3152400.0,630500.0,355600.0,567400.0,3571100.0,3.0,30,15060.0,17900,270.0,0.841,0
KE-0113,Market-Rate,1-Bedroom,Eastlands,34,64455.0,2191500.0,438300.0,526000.0,0.0,3155800.0,9.0,25,26480.0,344500,5170.0,0.077,1
KE-0114,Market-Rate,1-Bedroom,Mombasa,34,83965.0,2854800.0,571000.0,685200.0,0.0,4111000.0,9.0,30,33080.0,357600,5360.0,0.093,1
KE-0115,Affordable,2-Bedroom,Nakuru,56,42119.0,2358600.0,471700.0,404700.0,226400.0,3008600.0,6.0,30,18040.0,31700,480.0,0.569,0
KE-0116,Market-Rate,3-Bedroom,Mombasa,79,82086.0,6484800.0,1297000.0,1556400.0,0.0,9338200.0,9.0,20,84020.0,423000,6340.0,0.199,1
KE-0117,Market-Rate,2-Bedroom,Nairobi CBD,55,103749.0,5706200.0,1141200.0,1369500.0,0.0,8216900.0,9.0,30,66120.0,191200,2870.0,0.346,0
KE-0118,Social,1-Bedroom,Nakuru,33,38746.0,1278600.0,255700.0,144200.0,230100.0,1448400.0,3.0,15,10000.0,13000,200.0,0.769,0
KE-0119,Market-Rate,1-Bedroom,Westlands,34,97728.0,3322800.0,664600.0,797500.0,0.0,4784900.0,9.0,15,48530.0,332200,4980.0,0.146,1
KE-0120,Affordable,2-Bedroom,Kisumu,54,51712.0,2792500.0,558500.0,479200.0,268100.0,3562100.0,6.0,20,25520.0,123800,1860.0,0.206,1
KE-0121,Market-Rate,Studio,Embakasi,21,75229.0,1579800.0,316000.0,379200.0,0.0,2275000.0,9.0,30,18310.0,489600,7340.0,0.037,1
KE-0122,Market-Rate,2-Bedroom,Kasarani,55,73389.0,4036400.0,807300.0,968700.0,0.0,5812400.0,9.0,25,48780.0,347700,5220.0,0.14,1
KE-0123,Affordable,1-Bedroom,Kasarani,38,50853.0,1932400.0,386500.0,331600.0,185500.0,2465000.0,6.0,15,20800.0,133900,2010.0,0.155,1
KE-0124,Social,2-Bedroom,Embakasi,58,43145.0,2502400.0,500500.0,282300.0,450400.0,2834800.0,3.0,30,11950.0,11700,180.0,1.021,0
KE-0125,Social,Studio,Ruiru,23,40360.0,928300.0,185700.0,104700.0,167100.0,1051600.0,3.0,25,4990.0,10700,160.0,0.466,0
KE-0126,Affordable,2-Bedroom,Nairobi CBD,58,67851.0,3935400.0,787100.0,675300.0,377800.0,5020000.0,6.0,15,42360.0,86400,1300.0,0.49,0
KE-0127,Market-Rate,1-Bedroom,Mombasa,33,88728.0,2928000.0,585600.0,702700.0,0.0,4216300.0,9.0,20,37940.0,315600,4730.0,0.12,1
KE-0128,Market-Rate,2-Bedroom,Westlands,56,100384.0,5621500.0,1124300.0,1349200.0,0.0,8095000.0,9.0,25,67930.0,382200,5730.0,0.178,1
KE-0129,Social,Studio,Kibera,21,32022.0,672500.0,134500.0,75900.0,121000.0,761900.0,3.0,25,3610.0,11600,170.0,0.311,0
KE-0130,Affordable,2-Bedroom,Nakuru,57,43833.0,2498500.0,499700.0,428700.0,239900.0,3187000.0,6.0,30,19110.0,132100,1980.0,0.145,1
KE-0131,Affordable,2-Bedroom,Nairobi CBD,55,68343.0,3758800.0,751800.0,645000.0,360800.0,4794800.0,6.0,20,34350.0,51900,780.0,0.662,0
KE-0132,Social,2-Bedroom,Nakuru,58,38834.0,2252400.0,450500.0,254100.0,405400.0,2551600.0,3.0,15,17620.0,17100,260.0,1.03,0
KE-0133,Social,2-Bedroom,Westlands,53,58701.0,3111200.0,622200.0,350900.0,560000.0,3524300.0,3.0,20,19550.0,12700,190.0,1.539,0
KE-0134,Affordable,2-Bedroom,Eastlands,55,44337.0,2438500.0,487700.0,418400.0,234100.0,3110500.0,6.0,25,20040.0,94800,1420.0,0.211,1
KE-0135,Market-Rate,2-Bedroom,Eastlands,58,64968.0,3768100.0,753600.0,904300.0,0.0,5426000.0,9.0,15,55030.0,350400,5260.0,0.157,1
KE-0136,Affordable,1-Bedroom,Nairobi CBD,33,66098.0,2181200.0,436200.0,374300.0,209400.0,2782300.0,6.0,15,23480.0,83600,1250.0,0.281,1
KE-0137,Affordable,2-Bedroom,Kisumu,55,54243.0,2983400.0,596700.0,512000.0,286400.0,3805700.0,6.0,15,32110.0,98800,1480.0,0.325,0
KE-0138,Affordable,1-Bedroom,Westlands,36,62786.0,2260300.0,452100.0,387900.0,217000.0,2883300.0,6.0,20,20660.0,38100,570.0,0.542,0
KE-0139,Affordable,Studio,Westlands,21,66068.0,1387400.0,277500.0,238100.0,133200.0,1769800.0,6.0,30,10610.0,116400,1750.0,0.091,1
KE-0140,Market-Rate,Studio,Embakasi,17,69839.0,1187300.0,237500.0,285000.0,0.0,1709800.0,9.0,25,14350.0,309900,4650.0,0.046,1
KE-0141,Market-Rate,1-Bedroom,Kisumu,34,76234.0,2592000.0,518400.0,622100.0,0.0,3732500.0,9.0,15,37860.0,434900,6520.0,0.087,1
KE-0142,Social,2-Bedroom,Mombasa,58,49074.0,2846300.0,569300.0,321100.0,512300.0,3224400.0,3.0,15,22270.0,18900,280.0,1.178,0
KE-0143,Affordable,2-Bedroom,Mombasa,57,57979.0,3304800.0,661000.0,567100.0,317300.0,4215600.0,6.0,30,25270.0,48100,720.0,0.525,0
KE-0144,Affordable,2-Bedroom,Kibera,55,37967.0,2088200.0,417600.0,358300.0,200500.0,2663600.0,6.0,20,19080.0,33200,500.0,0.575,0
KE-0145,Social,2-Bedroom,Kasarani,57,41979.0,2392800.0,478600.0,269900.0,430700.0,2710600.0,3.0,25,12850.0,10200,150.0,1.26,0
KE-0146,Social,1-Bedroom,Eastlands,32,37051.0,1185600.0,237100.0,133700.0,213400.0,1343000.0,3.0,15,9270.0,19400,290.0,0.478,0
KE-0147,Affordable,Studio,Mombasa,19,56070.0,1065300.0,213100.0,182800.0,102300.0,1358900.0,6.0,30,8150.0,112300,1680.0,0.073,1
KE-0148,Affordable,1-Bedroom,Kisumu,35,50319.0,1761200.0,352200.0,302200.0,169100.0,2246500.0,6.0,20,16090.0,43700,660.0,0.368,0
KE-0149,Social,1-Bedroom,Westlands,33,57652.0,1902500.0,380500.0,214600.0,342400.0,2155200.0,3.0,25,10220.0,11900,180.0,0.859,0
KE-0150,Social,Studio,Mombasa,23,49218.0,1132000.0,226400.0,127700.0,203800.0,1282300.0,3.0,20,7110.0,18500,280.0,0.384,0
KE-0151,Market-Rate,1-Bedroom,Westlands,34,98935.0,3363800.0,672800.0,807300.0,0.0,4843900.0,9.0,30,38980.0,342500,5140.0,0.114,1
KE-0152,Social,2-Bedroom,Mombasa,56,52154.0,2920700.0,584100.0,329500.0,525700.0,3308600.0,3.0,30,13950.0,17500,260.0,0.797,0
KE-0153,Social,2-Bedroom,Eastlands,52,37844.0,1967900.0,393600.0,222000.0,354200.0,2229300.0,3.0,25,10570.0,16300,240.0,0.648,0
KE-0154,Affordable,3-Bedroom,Nakuru,79,42508.0,3358100.0,671600.0,576200.0,322400.0,4283500.0,6.0,30,25680.0,115500,1730.0,0.222,1
KE-0155,Market-Rate,3-Bedroom,Mombasa,83,87939.0,7298900.0,1459800.0,1751700.0,0.0,10510400.0,9.0,15,106600.0,376300,5640.0,0.283,1
KE-0156,Social,2-Bedroom,Kisumu,54,45493.0,2456600.0,491300.0,277100.0,442200.0,2782800.0,3.0,25,13200.0,11500,170.0,1.148,0
KE-0157,Affordable,1-Bedroom,Mombasa,38,56516.0,2147600.0,429500.0,368500.0,206200.0,2739400.0,6.0,20,19630.0,46000,690.0,0.427,0
KE-0158,Affordable,2-Bedroom,Kasarani,56,48278.0,2703600.0,540700.0,463900.0,259500.0,3448700.0,6.0,30,20680.0,99900,1500.0,0.207,1
KE-0159,Social,2-Bedroom,Eastlands,55,36077.0,1984200.0,396800.0,223800.0,357200.0,2247600.0,3.0,30,9480.0,12900,190.0,0.735,0
KE-0160,Affordable,Studio,Kisumu,18,53016.0,954300.0,190900.0,163800.0,91600.0,1217400.0,6.0,30,7300.0,75800,1140.0,0.096,1
KE-0161,Affordable,1-Bedroom,Embakasi,36,50107.0,1803900.0,360800.0,309600.0,173200.0,2301100.0,6.0,30,13800.0,124800,1870.0,0.111,1
KE-0162,Affordable,2-Bedroom,Kisumu,53,51208.0,2714000.0,542800.0,465700.0,260500.0,3462000.0,6.0,15,29210.0,143800,2160.0,0.203,1
KE-0163,Affordable,1-Bedroom,Kasarani,35,49090.0,1718100.0,343600.0,294800.0,164900.0,2191600.0,6.0,30,13140.0,102100,1530.0,0.129,1
KE-0164,Affordable,2-Bedroom,Nakuru,54,42219.0,2279800.0,456000.0,391200.0,218900.0,2908100.0,6.0,20,20830.0,127900,1920.0,0.163,1
KE-0165,Social,2-Bedroom,Eastlands,53,36771.0,1948800.0,389800.0,219800.0,350800.0,2207600.0,3.0,20,12240.0,17700,270.0,0.692,0
KE-0166,Market-Rate,Studio,Embakasi,17,69764.0,1186000.0,237200.0,284600.0,0.0,1707800.0,9.0,20,15370.0,243100,3650.0,0.063,1
KE-0167,Affordable,1-Bedroom,Kasarani,32,48183.0,1541900.0,308400.0,264600.0,148000.0,1966900.0,6.0,20,14090.0,70200,1050.0,0.201,1
KE-0168,Social,1-Bedroom,Kasarani,38,44751.0,1700500.0,340100.0,191800.0,306100.0,1926300.0,3.0,30,8120.0,18000,270.0,0.451,0
KE-0169,Social,Studio,Nairobi CBD,21,60666.0,1274000.0,254800.0,143700.0,229300.0,1443200.0,3.0,30,6080.0,13400,200.0,0.454,0
KE-0170,Affordable,Studio,Eastlands,20,43440.0,868800.0,173800.0,149100.0,83400.0,1108300.0,6.0,30,6640.0,103100,1550.0,0.064,1
KE-0171,Affordable,2-Bedroom,Kisumu,58,54727.0,3174200.0,634800.0,544700.0,304700.0,4049000.0,6.0,20,29010.0,52300,780.0,0.555,0
KE-0172,Social,1-Bedroom,Westlands,36,57931.0,2085500.0,417100.0,235200.0,375400.0,2362400.0,3.0,20,13100.0,12400,190.0,1.056,0
KE-0173,Affordable,2-Bedroom,Nakuru,56,44909.0,2514900.0,503000.0,431600.0,241400.0,3208100.0,6.0,30,19230.0,132100,1980.0,0.146,1
KE-0174,Social,1-Bedroom,Westlands,38,55645.0,2114500.0,422900.0,238500.0,380600.0,2395300.0,3.0,30,10100.0,12200,180.0,0.828,0
KE-0175,Affordable,3-Bedroom,Kisumu,82,51594.0,4230700.0,846100.0,726000.0,406100.0,5396700.0,6.0,20,38660.0,138400,2080.0,0.279,1
KE-0176,Social,1-Bedroom,Kisumu,36,44743.0,1610700.0,322100.0,181700.0,289900.0,1824600.0,3.0,15,12600.0,17500,260.0,0.72,0
KE-0177,Affordable,1-Bedroom,Eastlands,37,41944.0,1551900.0,310400.0,266300.0,149000.0,1979600.0,6.0,30,11870.0,91100,1370.0,0.13,1
KE-0178,Affordable,3-Bedroom,Kisumu,77,50793.0,3911100.0,782200.0,671100.0,375500.0,4988900.0,6.0,15,42100.0,26600,400.0,1.583,0
KE-0179,Market-Rate,2-Bedroom,Nairobi CBD,52,101117.0,5258100.0,1051600.0,1261900.0,0.0,7571600.0,9.0,25,63540.0,254200,3810.0,0.25,1
KE-0180,Social,Studio,Embakasi,21,43890.0,921700.0,184300.0,104000.0,165900.0,1044100.0,3.0,30,4400.0,12900,190.0,0.341,0
KE-0181,Affordable,2-Bedroom,Kisumu,52,54035.0,2809800.0,562000.0,482200.0,269700.0,3584300.0,6.0,15,30250.0,43600,650.0,0.694,0
KE-0182,Social,1-Bedroom,Westlands,35,57174.0,2001100.0,400200.0,225700.0,360200.0,2266800.0,3.0,25,10750.0,12700,190.0,0.846,0
KE-0183,Market-Rate,1-Bedroom,Kisumu,37,77964.0,2884700.0,576900.0,692300.0,0.0,4153900.0,9.0,30,33420.0,322500,4840.0,0.104,1
KE-0184,Market-Rate,Studio,Nairobi CBD,22,101621.0,2235700.0,447100.0,536600.0,0.0,3219400.0,9.0,30,25900.0,228500,3430.0,0.113,1
KE-0185,Social,Studio,Mombasa,21,52280.0,1097900.0,219600.0,123800.0,197600.0,1243700.0,3.0,30,5240.0,19900,300.0,0.263,1
KE-0186,Affordable,2-Bedroom,Mombasa,52,59895.0,3114500.0,622900.0,534400.0,299000.0,3972800.0,6.0,20,28460.0,76600,1150.0,0.372,0
KE-0187,Market-Rate,1-Bedroom,Kasarani,33,74291.0,2451600.0,490300.0,588400.0,0.0,3530300.0,9.0,30,28410.0,445900,6690.0,0.064,1
KE-0188,Affordable,1-Bedroom,Nakuru,38,44611.0,1695200.0,339000.0,290900.0,162700.0,2162400.0,6.0,30,12960.0,90200,1350.0,0.144,1
KE-0189,Affordable,2-Bedroom,Kibera,58,36881.0,2139100.0,427800.0,367100.0,205400.0,2728600.0,6.0,15,23030.0,80700,1210.0,0.285,1
KE-0190,Social,2-Bedroom,Embakasi,57,41849.0,2385400.0,477100.0,269100.0,429400.0,2702200.0,3.0,15,18660.0,14500,220.0,1.287,0
KE-0191,Social,Studio,Ruiru,21,40239.0,845000.0,169000.0,95300.0,152100.0,957200.0,3.0,25,4540.0,10600,160.0,0.428,0
KE-0192,Market-Rate,2-Bedroom,Kasarani,56,76317.0,4273800.0,854800.0,1025700.0,0.0,6154300.0,9.0,20,55370.0,152900,2290.0,0.362,0
KE-0193,Market-Rate,Studio,Nakuru,20,67155.0,1343100.0,268600.0,322300.0,0.0,1934000.0,9.0,30,15560.0,320100,4800.0,0.049,1
KE-0194,Affordable,2-Bedroom,Mombasa,54,59749.0,3226500.0,645300.0,553700.0,309700.0,4115800.0,6.0,25,26520.0,31000,460.0,0.855,0
KE-0195,Affordable,2-Bedroom,Westlands,54,66408.0,3586000.0,717200.0,615400.0,344300.0,4574300.0,6.0,15,38600.0,49600,740.0,0.778,0
KE-0196,Affordable,3-Bedroom,Ruiru,82,44443.0,3644300.0,728900.0,625400.0,349900.0,4648700.0,6.0,20,33300.0,127200,1910.0,0.262,1
KE-0197,Affordable,Studio,Nakuru,23,44468.0,1022800.0,204600.0,175500.0,98200.0,1304700.0,6.0,25,8410.0,61600,920.0,0.137,1
KE-0198,Market-Rate,Studio,Nakuru,20,66628.0,1332600.0,266500.0,319800.0,0.0,1918900.0,9.0,25,16100.0,495800,7440.0,0.032,1
KE-0199,Market-Rate,1-Bedroom,Kasarani,35,72911.0,2551900.0,510400.0,612500.0,0.0,3674800.0,9.0,15,37270.0,282700,4240.0,0.132,1
KE-0200,Affordable,1-Bedroom,Ruiru,35,46476.0,1626600.0,325300.0,279100.0,156200.0,2074800.0,6.0,20,14860.0,74700,1120.0,0.199,1
KE-0201,Affordable,1-Bedroom,Eastlands,37,41085.0,1520100.0,304000.0,260800.0,145900.0,1939000.0,6.0,15,16360.0,95900,1440.0,0.171,1
KE-0202,Social,3-Bedroom,Kibera,79,32770.0,2588800.0,517800.0,292000.0,466000.0,2932600.0,3.0,20,16260.0,16800,250.0,0.968,0
KE-0203,Social,1-Bedroom,Eastlands,38,38156.0,1449900.0,290000.0,163600.0,261000.0,1642500.0,3.0,20,9110.0,19400,290.0,0.47,0
KE-0204,Market-Rate,1-Bedroom,Ruiru,35,68245.0,2388600.0,477700.0,573300.0,0.0,3439600.0,9.0,20,30950.0,197100,2960.0,0.157,1
KE-0205,Affordable,2-Bedroom,Eastlands,58,43531.0,2524800.0,505000.0,433300.0,242400.0,3220700.0,6.0,20,23070.0,122900,1840.0,0.188,1
KE-0206,Social,1-Bedroom,Nairobi CBD,32,57089.0,1826900.0,365400.0,206100.0,328800.0,2069600.0,3.0,20,11480.0,18800,280.0,0.611,0
KE-0207,Social,2-Bedroom,Mombasa,56,50232.0,2813000.0,562600.0,317300.0,506300.0,3186600.0,3.0,15,22010.0,10600,160.0,2.076,0
KE-0208,Affordable,Studio,Nairobi CBD,21,69491.0,1459300.0,291900.0,250400.0,140100.0,1861500.0,6.0,20,13340.0,92000,1380.0,0.145,1
KE-0209,Social,1-Bedroom,Kisumu,38,45650.0,1734700.0,346900.0,195700.0,312200.0,1965100.0,3.0,25,9320.0,13600,200.0,0.685,0
KE-0210,Social,Studio,Eastlands,18,38000.0,684000.0,136800.0,77200.0,123100.0,774900.0,3.0,15,5350.0,12500,190.0,0.428,0
KE-0211,Affordable,Studio,Kisumu,18,51238.0,922300.0,184500.0,158300.0,88500.0,1176600.0,6.0,20,8430.0,29300,440.0,0.288,1
KE-0212,Affordable,3-Bedroom,Westlands,82,65961.0,5408800.0,1081800.0,928200.0,519200.0,6899600.0,6.0,15,58220.0,149600,2240.0,0.389,0
KE-0213,Affordable,Studio,Embakasi,22,47620.0,1047600.0,209500.0,179800.0,100600.0,1336300.0,6.0,20,9570.0,140700,2110.0,0.068,1
KE-0214,Social,2-Bedroom,Westlands,56,59178.0,3314000.0,662800.0,373800.0,596500.0,3754100.0,3.0,30,15830.0,11000,160.0,1.439,0
KE-0215,Affordable,1-Bedroom,Ruiru,32,44459.0,1422700.0,284500.0,244100.0,136600.0,1814700.0,6.0,30,10880.0,88200,1320.0,0.123,1
KE-0216,Social,1-Bedroom,Nakuru,34,38251.0,1300500.0,260100.0,146700.0,234100.0,1473200.0,3.0,15,10170.0,19600,290.0,0.519,0
KE-0217,Affordable,3-Bedroom,Mombasa,79,60066.0,4745200.0,949000.0,814300.0,455500.0,6053000.0,6.0,15,51080.0,78800,1180.0,0.648,0
KE-0218,Affordable,Studio,Eastlands,22,41074.0,903600.0,180700.0,155100.0,86700.0,1152700.0,6.0,25,7430.0,49200,740.0,0.151,1
KE-0219,Affordable,2-Bedroom,Kasarani,52,50462.0,2624000.0,524800.0,450300.0,251900.0,3347200.0,6.0,25,21570.0,73800,1110.0,0.292,1
KE-0220,Market-Rate,3-Bedroom,Embakasi,82,68717.0,5634800.0,1127000.0,1352400.0,0.0,8114200.0,9.0,25,68090.0,239400,3590.0,0.284,1
KE-0221,Affordable,2-Bedroom,Kibera,54,37842.0,2043500.0,408700.0,350700.0,196200.0,2606700.0,6.0,25,16800.0,38000,570.0,0.442,0
KE-0222,Affordable,3-Bedroom,Kibera,83,38028.0,3156400.0,631300.0,541600.0,303000.0,4026300.0,6.0,30,24140.0,131000,1960.0,0.184,1
KE-0223,Social,Studio,Kibera,22,34657.0,762500.0,152500.0,86000.0,137200.0,863800.0,3.0,15,5970.0,16500,250.0,0.362,0
KE-0224,Affordable,1-Bedroom,Eastlands,35,43926.0,1537400.0,307500.0,263800.0,147600.0,1961100.0,6.0,15,16550.0,70200,1050.0,0.236,1
KE-0225,Social,1-Bedroom,Kibera,38,33412.0,1269700.0,253900.0,143200.0,228500.0,1438300.0,3.0,15,9930.0,17300,260.0,0.574,0
KE-0226,Social,2-Bedroom,Nairobi CBD,57,58986.0,3362200.0,672400.0,379300.0,605200.0,3808700.0,3.0,20,21120.0,19300,290.0,1.094,0
KE-0227,Market-Rate,3-Bedroom,Embakasi,81,70402.0,5702600.0,1140500.0,1368600.0,0.0,8211700.0,9.0,25,68910.0,310200,4650.0,0.222,1
KE-0228,Affordable,1-Bedroom,Nairobi CBD,37,65775.0,2433700.0,486700.0,417600.0,233600.0,3104400.0,6.0,25,20000.0,119100,1790.0,0.168,1
KE-0229,Market-Rate,2-Bedroom,Nakuru,56,61749.0,3457900.0,691600.0,829900.0,0.0,4979400.0,9.0,20,44800.0,246100,3690.0,0.182,1
KE-0230,Affordable,Studio,Embakasi,17,46350.0,788000.0,157600.0,135200.0,75600.0,1005200.0,6.0,30,6030.0,133500,2000.0,0.045,1
KE-0231,Affordable,2-Bedroom,Nairobi CBD,54,67323.0,3635400.0,727100.0,623800.0,349000.0,4637300.0,6.0,25,29880.0,25300,380.0,1.181,0
KE-0232,Affordable,1-Bedroom,Embakasi,38,46059.0,1750300.0,350100.0,300400.0,168000.0,2232800.0,6.0,30,13390.0,48800,730.0,0.274,1
KE-0233,Affordable,3-Bedroom,Nakuru,83,45225.0,3753600.0,750700.0,644100.0,360300.0,4788100.0,6.0,15,40400.0,79600,1190.0,0.508,0
KE-0234,Affordable,2-Bedroom,Kisumu,53,51813.0,2746100.0,549200.0,471200.0,263600.0,3502900.0,6.0,30,21000.0,70100,1050.0,0.3,1
KE-0235,Social,1-Bedroom,Eastlands,33,35298.0,1164800.0,233000.0,131400.0,209700.0,1319500.0,3.0,25,6260.0,19100,290.0,0.328,0
KE-0236,Affordable,Studio,Eastlands,19,41732.0,792900.0,158600.0,136100.0,76100.0,1011500.0,6.0,15,8540.0,139900,2100.0,0.061,1
KE-0237,Social,Studio,Kibera,18,32880.0,591800.0,118400.0,66800.0,106500.0,670500.0,3.0,20,3720.0,12800,190.0,0.291,1
KE-0238,Social,1-Bedroom,Westlands,38,55650.0,2114700.0,422900.0,238500.0,380600.0,2395500.0,3.0,15,16540.0,15300,230.0,1.081,0
KE-0239,Affordable,1-Bedroom,Kibera,37,38125.0,1410600.0,282100.0,242100.0,135400.0,1799400.0,6.0,20,12890.0,108600,1630.0,0.119,1
KE-0240,Social,3-Bedroom,Ruiru,77,41195.0,3172000.0,634400.0,357800.0,571000.0,3593200.0,3.0,25,17040.0,16300,240.0,1.045,0
KE-0241,Market-Rate,2-Bedroom,Nairobi CBD,52,104156.0,5416100.0,1083200.0,1299900.0,0.0,7799200.0,9.0,30,62750.0,207200,3110.0,0.303,0
KE-0242,Market-Rate,2-Bedroom,Embakasi,54,74482.0,4022000.0,804400.0,965300.0,0.0,5791700.0,9.0,30,46600.0,267200,4010.0,0.174,1
KE-0243,Market-Rate,Studio,Westlands,18,96024.0,1728400.0,345700.0,414800.0,0.0,2488900.0,9.0,20,22390.0,243100,3650.0,0.092,1
KE-0244,Affordable,3-Bedroom,Nakuru,82,42125.0,3454300.0,690900.0,592800.0,331600.0,4406400.0,6.0,25,28390.0,39600,590.0,0.717,0
KE-0245,Social,2-Bedroom,Ruiru,52,39836.0,2071500.0,414300.0,233700.0,372900.0,2346600.0,3.0,15,16210.0,10600,160.0,1.529,0
KE-0246,Market-Rate,Studio,Nakuru,17,63559.0,1080500.0,216100.0,259300.0,0.0,1555900.0,9.0,20,14000.0,339700,5100.0,0.041,1
KE-0247,Affordable,2-Bedroom,Eastlands,55,41502.0,2282600.0,456500.0,391700.0,219100.0,2911700.0,6.0,25,18760.0,122300,1830.0,0.153,1
KE-0248,Market-Rate,2-Bedroom,Eastlands,55,61915.0,3405300.0,681100.0,817300.0,0.0,4903700.0,9.0,25,41150.0,284800,4270.0,0.144,1
KE-0249,Market-Rate,Studio,Kibera,23,60355.0,1388200.0,277600.0,333200.0,0.0,1999000.0,9.0,25,16780.0,360300,5400.0,0.047,1
KE-0250,Market-Rate,1-Bedroom,Nairobi CBD,32,99743.0,3191800.0,638400.0,766000.0,0.0,4596200.0,9.0,15,46620.0,454100,6810.0,0.103,1
KE-0251,Social,1-Bedroom,Westlands,34,58725.0,1996700.0,399300.0,225200.0,359400.0,2261800.0,3.0,15,15620.0,17700,270.0,0.882,0
KE-0252,Affordable,Studio,Mombasa,21,57025.0,1197500.0,239500.0,205500.0,115000.0,1527500.0,6.0,25,9840.0,34200,510.0,0.288,1
KE-0253,Market-Rate,3-Bedroom,Ruiru,81,66799.0,5410700.0,1082100.0,1298600.0,0.0,7791400.0,9.0,25,65390.0,312800,4690.0,0.209,1
KE-0254,Affordable,2-Bedroom,Ruiru,57,47869.0,2728500.0,545700.0,468200.0,261900.0,3480500.0,6.0,25,22420.0,22100,330.0,1.014,0
KE-0255,Social,2-Bedroom,Kibera,52,33464.0,1740200.0,348000.0,196300.0,313200.0,1971300.0,3.0,25,9350.0,19000,280.0,0.492,0
KE-0256,Affordable,1-Bedroom,Eastlands,32,40405.0,1293000.0,258600.0,221900.0,124100.0,1649400.0,6.0,25,10630.0,36500,550.0,0.291,1
KE-0257,Market-Rate,1-Bedroom,Kibera,38,57138.0,2171300.0,434300.0,521100.0,0.0,3126700.0,9.0,30,25160.0,447800,6720.0,0.056,1
KE-0258,Affordable,2-Bedroom,Embakasi,52,50001.0,2600100.0,520000.0,446200.0,249600.0,3316700.0,6.0,30,19890.0,83800,1260.0,0.237,1
KE-0259,Affordable,2-Bedroom,Westlands,54,62406.0,3369900.0,674000.0,578300.0,323500.0,4298700.0,6.0,30,25770.0,109300,1640.0,0.236,1
KE-0260,Social,Studio,Nairobi CBD,20,58460.0,1169200.0,233800.0,131900.0,210400.0,1324500.0,3.0,20,7350.0,11600,170.0,0.634,0
KE-0261,Affordable,2-Bedroom,Kisumu,52,53984.0,2807200.0,561400.0,481700.0,269500.0,3580800.0,6.0,20,25650.0,48100,720.0,0.533,0
KE-0262,Market-Rate,2-Bedroom,Kasarani,52,74395.0,3868500.0,773700.0,928400.0,0.0,5570600.0,9.0,15,56500.0,287900,4320.0,0.196,1
KE-0263,Social,1-Bedroom,Kasarani,38,42126.0,1600800.0,320200.0,180600.0,288200.0,1813400.0,3.0,30,7650.0,18300,270.0,0.418,0
KE-0264,Affordable,Studio,Kibera,18,37106.0,667900.0,133600.0,114600.0,64100.0,852000.0,6.0,25,5490.0,95900,1440.0,0.057,1
KE-0265,Market-Rate,2-Bedroom,Embakasi,58,68571.0,3977100.0,795400.0,954500.0,0.0,5727000.0,9.0,15,58090.0,190100,2850.0,0.306,0
KE-0266,Affordable,1-Bedroom,Westlands,38,63534.0,2414300.0,482900.0,414300.0,231800.0,3079700.0,6.0,30,18460.0,105700,1590.0,0.175,1
KE-0267,Affordable,1-Bedroom,Mombasa,34,56332.0,1915300.0,383100.0,328700.0,183900.0,2443200.0,6.0,30,14650.0,59200,890.0,0.247,1
KE-0268,Affordable,Studio,Kasarani,22,48061.0,1057300.0,211500.0,181400.0,101500.0,1348700.0,6.0,20,9660.0,45600,680.0,0.212,1
KE-0269,Affordable,1-Bedroom,Westlands,32,62945.0,2014200.0,402800.0,345600.0,193400.0,2569200.0,6.0,15,21680.0,110900,1660.0,0.195,1
KE-0270,Social,2-Bedroom,Nairobi CBD,58,55917.0,3243200.0,648600.0,365800.0,583800.0,3673800.0,3.0,25,17420.0,11000,160.0,1.584,0
KE-0271,Market-Rate,2-Bedroom,Nakuru,58,65339.0,3789700.0,757900.0,909500.0,0.0,5457100.0,9.0,15,55350.0,459500,6890.0,0.12,1
KE-0272,Market-Rate,1-Bedroom,Embakasi,33,74069.0,2444300.0,488900.0,586600.0,0.0,3519800.0,9.0,25,29540.0,306100,4590.0,0.097,1
KE-0273,Market-Rate,3-Bedroom,Eastlands,83,60447.0,5017100.0,1003400.0,1204100.0,0.0,7224600.0,9.0,25,60630.0,377200,5660.0,0.161,1
KE-0274,Market-Rate,3-Bedroom,Westlands,81,92401.0,7484500.0,1496900.0,1796300.0,0.0,10777700.0,9.0,25,90450.0,285800,4290.0,0.316,0
KE-0275,Affordable,3-Bedroom,Nairobi CBD,82,68890.0,5649000.0,1129800.0,969400.0,542300.0,7205900.0,6.0,25,46430.0,51400,770.0,0.903,0
KE-0276,Affordable,1-Bedroom,Mombasa,32,57676.0,1845600.0,369100.0,316700.0,177200.0,2354200.0,6.0,30,14110.0,106600,1600.0,0.132,1
KE-0277,Affordable,1-Bedroom,Kisumu,32,50652.0,1620900.0,324200.0,278100.0,155600.0,2067600.0,6.0,20,14810.0,36500,550.0,0.406,0
KE-0278,Affordable,3-Bedroom,Eastlands,78,40818.0,3183800.0,636800.0,546300.0,305600.0,4061300.0,6.0,15,34270.0,66100,990.0,0.518,0
KE-0279,Affordable,2-Bedroom,Kisumu,54,51837.0,2799200.0,559800.0,480300.0,268700.0,3570600.0,6.0,15,30130.0,103700,1560.0,0.291,1
KE-0280,Affordable,Studio,Mombasa,17,55225.0,938800.0,187800.0,161100.0,90100.0,1197600.0,6.0,30,7180.0,69200,1040.0,0.104,1
KE-0281,Market-Rate,Studio,Nairobi CBD,21,97708.0,2051900.0,410400.0,492500.0,0.0,2954800.0,9.0,15,29970.0,244800,3670.0,0.122,1
KE-0282,Affordable,1-Bedroom,Kasarani,32,51037.0,1633200.0,326600.0,280300.0,156800.0,2083300.0,6.0,20,14930.0,36000,540.0,0.415,0
KE-0283,Affordable,3-Bedroom,Kisumu,81,51637.0,4182600.0,836500.0,717700.0,401500.0,5335300.0,6.0,20,38220.0,140600,2110.0,0.272,1
KE-0284,Social,2-Bedroom,Eastlands,57,37562.0,2141000.0,428200.0,241500.0,385400.0,2425300.0,3.0,30,10230.0,17300,260.0,0.591,0
KE-0285,Affordable,1-Bedroom,Kibera,37,39395.0,1457600.0,291500.0,250100.0,139900.0,1859300.0,6.0,25,11980.0,108900,1630.0,0.11,1
KE-0286,Social,Studio,Ruiru,20,39838.0,796800.0,159400.0,89900.0,143400.0,902700.0,3.0,25,4280.0,15600,230.0,0.274,1
KE-0287,Affordable,2-Bedroom,Westlands,55,62961.0,3462900.0,692600.0,594200.0,332400.0,4417300.0,6.0,30,26480.0,23100,350.0,1.146,0
KE-0288,Affordable,2-Bedroom,Kasarani,56,49374.0,2764900.0,553000.0,474500.0,265400.0,3527000.0,6.0,30,21150.0,43900,660.0,0.482,0
KE-0289,Social,1-Bedroom,Kisumu,34,46419.0,1578200.0,315600.0,178000.0,284100.0,1787700.0,3.0,25,8480.0,14900,220.0,0.569,0
KE-0290,Affordable,2-Bedroom,Nakuru,52,42600.0,2215200.0,443000.0,380100.0,212700.0,2825600.0,6.0,30,16940.0,55700,840.0,0.304,0
KE-0291,Social,3-Bedroom,Westlands,83,57719.0,4790700.0,958100.0,540400.0,862300.0,5426900.0,3.0,20,30100.0,17100,260.0,1.76,0
KE-0292,Social,1-Bedroom,Kibera,32,32037.0,1025200.0,205000.0,115600.0,184500.0,1161300.0,3.0,25,5510.0,10000,150.0,0.551,0
KE-0293,Market-Rate,2-Bedroom,Mombasa,55,88103.0,4845700.0,969100.0,1163000.0,0.0,6977800.0,9.0,25,58560.0,476300,7140.0,0.123,1
KE-0294,Affordable,1-Bedroom,Ruiru,38,46245.0,1757300.0,351500.0,301600.0,168700.0,2241700.0,6.0,30,13440.0,26400,400.0,0.509,0
KE-0295,Social,2-Bedroom,Nairobi CBD,56,61070.0,3419900.0,684000.0,385800.0,615600.0,3874100.0,3.0,15,26750.0,10900,160.0,2.454,0
KE-0296,Affordable,2-Bedroom,Kibera,58,37363.0,2167100.0,433400.0,371900.0,208000.0,2764400.0,6.0,20,19810.0,99800,1500.0,0.198,1
KE-0297,Affordable,2-Bedroom,Kibera,52,37404.0,1945000.0,389000.0,333800.0,186700.0,2481100.0,6.0,25,15990.0,108300,1620.0,0.148,1
KE-0298,Social,2-Bedroom,Mombasa,52,52043.0,2706300.0,541300.0,305300.0,487100.0,3065800.0,3.0,30,12930.0,11000,160.0,1.175,0
KE-0299,Affordable,1-Bedroom,Embakasi,34,49557.0,1684900.0,337000.0,289100.0,161800.0,2149200.0,6.0,15,18140.0,103800,1560.0,0.175,1
KE-0300,Social,3-Bedroom,Mombasa,78,48668.0,3796100.0,759200.0,428200.0,683300.0,4300200.0,3.0,25,20390.0,16800,250.0,1.214,0
KE-0301,Social,2-Bedroom,Embakasi,58,41414.0,2402000.0,480400.0,270900.0,432400.0,2720900.0,3.0,15,18790.0,11900,180.0,1.579,0
KE-0302,Affordable,Studio,Embakasi,20,50351.0,1007000.0,201400.0,172800.0,96700.0,1284500.0,6.0,20,9200.0,116800,1750.0,0.079,1
KE-0303,Affordable,2-Bedroom,Kasarani,55,50120.0,2756600.0,551300.0,473000.0,264600.0,3516300.0,6.0,25,22660.0,66700,1000.0,0.34,0
KE-0304,Affordable,2-Bedroom,Kasarani,53,48471.0,2569000.0,513800.0,440800.0,246600.0,3277000.0,6.0,20,23480.0,127000,1900.0,0.185,1
KE-0305,Affordable,1-Bedroom,Eastlands,32,41614.0,1331600.0,266300.0,228500.0,127800.0,1698600.0,6.0,15,14330.0,98000,1470.0,0.146,1
KE-0306,Market-Rate,3-Bedroom,Kisumu,79,79256.0,6261200.0,1252200.0,1502700.0,0.0,9016100.0,9.0,25,75660.0,196400,2950.0,0.385,0
KE-0307,Affordable,3-Bedroom,Kisumu,79,52629.0,4157700.0,831500.0,713500.0,399100.0,5303600.0,6.0,25,34170.0,42300,630.0,0.808,0
KE-0308,Affordable,1-Bedroom,Nairobi CBD,35,66603.0,2331100.0,466200.0,400000.0,223800.0,2973500.0,6.0,20,21300.0,134800,2020.0,0.158,1
KE-0309,Affordable,3-Bedroom,Kisumu,79,51904.0,4100400.0,820100.0,703600.0,393600.0,5230500.0,6.0,30,31360.0,118100,1770.0,0.266,1
KE-0310,Social,Studio,Kasarani,22,45646.0,1004200.0,200800.0,113300.0,180800.0,1137500.0,3.0,25,5390.0,17500,260.0,0.308,0
KE-0311,Affordable,1-Bedroom,Eastlands,33,44075.0,1454500.0,290900.0,249600.0,139600.0,1855400.0,6.0,30,11120.0,23200,350.0,0.479,0
KE-0312,Social,Studio,Eastlands,17,38155.0,648600.0,129700.0,73200.0,116700.0,734800.0,3.0,15,5070.0,10900,160.0,0.465,0
KE-0313,Social,3-Bedroom,Embakasi,82,43174.0,3540300.0,708100.0,399300.0,637300.0,4010400.0,3.0,30,16910.0,18500,280.0,0.914,0
KE-0314,Market-Rate,2-Bedroom,Mombasa,53,82427.0,4368600.0,873700.0,1048500.0,0.0,6290800.0,9.0,25,52790.0,239300,3590.0,0.221,1
KE-0315,Market-Rate,Studio,Nairobi CBD,21,105759.0,2220900.0,444200.0,533000.0,0.0,3198100.0,9.0,25,26840.0,150300,2250.0,0.179,1
KE-0316,Affordable,1-Bedroom,Embakasi,38,46610.0,1771200.0,354200.0,303900.0,170000.0,2259300.0,6.0,25,14560.0,75900,1140.0,0.192,1
KE-0317,Affordable,2-Bedroom,Mombasa,55,56177.0,3089800.0,618000.0,530200.0,296600.0,3941400.0,6.0,30,23630.0,118100,1770.0,0.2,1
KE-0318,Social,Studio,Kisumu,19,44365.0,842900.0,168600.0,95100.0,151700.0,954900.0,3.0,25,4530.0,16600,250.0,0.273,1
KE-0319,Social,3-Bedroom,Embakasi,81,44012.0,3565000.0,713000.0,402100.0,641700.0,4038400.0,3.0,15,27890.0,17500,260.0,1.594,0
KE-0320,Social,2-Bedroom,Westlands,54,54631.0,2950100.0,590000.0,332800.0,531000.0,3341900.0,3.0,20,18530.0,10200,150.0,1.817,0
KE-0321,Affordable,2-Bedroom,Kisumu,57,54857.0,3126800.0,625400.0,536600.0,300200.0,3988600.0,6.0,20,28580.0,104100,1560.0,0.275,1
KE-0322,Affordable,3-Bedroom,Mombasa,77,59131.0,4553100.0,910600.0,781300.0,437100.0,5807900.0,6.0,30,34820.0,34200,510.0,1.018,0
KE-0323,Affordable,1-Bedroom,Nairobi CBD,32,63849.0,2043200.0,408600.0,350600.0,196100.0,2606300.0,6.0,20,18670.0,99400,1490.0,0.188,1
KE-0324,Social,3-Bedroom,Mombasa,77,48603.0,3742400.0,748500.0,422100.0,673600.0,4239400.0,3.0,30,17870.0,14900,220.0,1.199,0
KE-0325,Market-Rate,2-Bedroom,Embakasi,54,75190.0,4060300.0,812100.0,974500.0,0.0,5846900.0,9.0,15,59300.0,183800,2760.0,0.323,0
KE-0326,Affordable,2-Bedroom,Embakasi,56,48731.0,2728900.0,545800.0,468300.0,262000.0,3481000.0,6.0,15,29370.0,71500,1070.0,0.411,0
KE-0327,Affordable,Studio,Kibera,17,38978.0,662600.0,132500.0,113700.0,63600.0,845200.0,6.0,20,6060.0,119600,1790.0,0.051,1
KE-0328,Affordable,3-Bedroom,Nairobi CBD,81,64660.0,5237500.0,1047500.0,898800.0,502800.0,6681000.0,6.0,25,43050.0,141600,2120.0,0.304,0
KE-0329,Affordable,1-Bedroom,Nakuru,34,41530.0,1412000.0,282400.0,242300.0,135600.0,1801100.0,6.0,20,12900.0,114500,1720.0,0.113,1
KE-0330,Social,Studio,Kisumu,22,44738.0,984200.0,196800.0,111000.0,177200.0,1114800.0,3.0,30,4700.0,16200,240.0,0.29,1
KE-0331,Affordable,Studio,Eastlands,21,40662.0,853900.0,170800.0,146500.0,82000.0,1089200.0,6.0,15,9190.0,71000,1060.0,0.129,1
KE-0332,Affordable,2-Bedroom,Nairobi CBD,57,68025.0,3877400.0,775500.0,665400.0,372200.0,4946100.0,6.0,20,35440.0,129000,1940.0,0.275,1
KE-0333,Social,2-Bedroom,Eastlands,54,38224.0,2064100.0,412800.0,232800.0,371500.0,2338200.0,3.0,30,9860.0,17200,260.0,0.573,0
KE-0334,Social,2-Bedroom,Nairobi CBD,54,60431.0,3263300.0,652700.0,368100.0,587400.0,3696700.0,3.0,25,17530.0,11400,170.0,1.538,0
KE-0335,Social,3-Bedroom,Nairobi CBD,80,60596.0,4847700.0,969500.0,546800.0,872600.0,5491400.0,3.0,25,26040.0,17500,260.0,1.488,0
KE-0336,Social,Studio,Mombasa,19,52368.0,995000.0,199000.0,112200.0,179100.0,1127100.0,3.0,25,5340.0,12200,180.0,0.438,0
KE-0337,Market-Rate,2-Bedroom,Nairobi CBD,54,100803.0,5443400.0,1088700.0,1306400.0,0.0,7838500.0,9.0,20,70530.0,399700,6000.0,0.176,1
KE-0338,Affordable,Studio,Kibera,18,36825.0,662900.0,132600.0,113800.0,63600.0,845700.0,6.0,30,5070.0,109700,1650.0,0.046,1
KE-0339,Affordable,3-Bedroom,Nakuru,77,42513.0,3273500.0,654700.0,561700.0,314300.0,4175600.0,6.0,20,29920.0,25200,380.0,1.187,0
KE-0340,Social,2-Bedroom,Embakasi,55,41608.0,2288400.0,457700.0,258100.0,411900.0,2592300.0,3.0,20,14380.0,16100,240.0,0.893,0
KE-0341,Affordable,2-Bedroom,Ruiru,58,46579.0,2701600.0,540300.0,463600.0,259400.0,3446100.0,6.0,20,24690.0,99300,1490.0,0.249,1
KE-0342,Affordable,2-Bedroom,Eastlands,55,42348.0,2329100.0,465800.0,399700.0,223600.0,2971000.0,6.0,15,25070.0,96600,1450.0,0.26,1
KE-0343,Social,1-Bedroom,Embakasi,35,43681.0,1528800.0,305800.0,172500.0,275200.0,1731900.0,3.0,30,7300.0,12800,190.0,0.57,0
KE-0344,Affordable,1-Bedroom,Ruiru,38,46404.0,1763400.0,352700.0,302600.0,169300.0,2249400.0,6.0,30,13490.0,48800,730.0,0.276,1
KE-0345,Affordable,2-Bedroom,Nakuru,53,45126.0,2391700.0,478300.0,410400.0,229600.0,3050800.0,6.0,25,19660.0,93900,1410.0,0.209,1
KE-0346,Affordable,1-Bedroom,Nakuru,37,41045.0,1518700.0,303700.0,260600.0,145800.0,1937200.0,6.0,30,11610.0,73400,1100.0,0.158,1
KE-0347,Affordable,1-Bedroom,Eastlands,34,41048.0,1395600.0,279100.0,239500.0,134000.0,1780200.0,6.0,30,10670.0,96400,1450.0,0.111,1
KE-0348,Social,1-Bedroom,Eastlands,32,35584.0,1138700.0,227700.0,128400.0,205000.0,1289800.0,3.0,20,7150.0,12000,180.0,0.596,0
KE-0349,Affordable,2-Bedroom,Nakuru,56,44188.0,2474500.0,494900.0,424600.0,237600.0,3156400.0,6.0,15,26640.0,78300,1170.0,0.34,0
KE-0350,Affordable,1-Bedroom,Ruiru,38,46353.0,1761400.0,352300.0,302300.0,169100.0,2246900.0,6.0,15,18960.0,146100,2190.0,0.13,1
KE-0351,Affordable,Studio,Nairobi CBD,22,66143.0,1455100.0,291000.0,249700.0,139700.0,1856100.0,6.0,25,11960.0,124200,1860.0,0.096,1
KE-0352,Market-Rate,2-Bedroom,Kisumu,58,75988.0,4407300.0,881500.0,1057800.0,0.0,6346600.0,9.0,30,51070.0,418800,6280.0,0.122,1
KE-0353,Affordable,2-Bedroom,Westlands,54,65771.0,3551600.0,710300.0,609500.0,341000.0,4530400.0,6.0,25,29190.0,63100,950.0,0.463,0
KE-0354,Social,Studio,Embakasi,18,41589.0,748600.0,149700.0,84400.0,134700.0,848000.0,3.0,30,3580.0,10600,160.0,0.338,0
KE-0355,Social,1-Bedroom,Mombasa,38,51810.0,1968800.0,393800.0,222100.0,354400.0,2230300.0,3.0,25,10580.0,14900,220.0,0.71,0
KE-0356,Affordable,Studio,Embakasi,19,45600.0,866400.0,173300.0,148700.0,83200.0,1105200.0,6.0,25,7120.0,60200,900.0,0.118,1
KE-0357,Social,1-Bedroom,Mombasa,34,49677.0,1689000.0,337800.0,190500.0,304000.0,1913300.0,3.0,20,10610.0,15200,230.0,0.698,0
KE-0358,Affordable,1-Bedroom,Ruiru,33,43740.0,1443400.0,288700.0,247700.0,138600.0,1841200.0,6.0,30,11040.0,147800,2220.0,0.075,1
KE-0359,Market-Rate,2-Bedroom,Mombasa,55,89808.0,4939400.0,987900.0,1185500.0,0.0,7112800.0,9.0,15,72140.0,455400,6830.0,0.158,1
KE-0360,Affordable,2-Bedroom,Eastlands,55,42301.0,2326600.0,465300.0,399200.0,223400.0,2967700.0,6.0,25,19120.0,36700,550.0,0.521,0
KE-0361,Affordable,2-Bedroom,Kisumu,52,53058.0,2759000.0,551800.0,473400.0,264900.0,3519300.0,6.0,20,25210.0,40200,600.0,0.627,0
KE-0362,Affordable,1-Bedroom,Kisumu,32,53366.0,1707700.0,341500.0,293000.0,163900.0,2178300.0,6.0,25,14030.0,122900,1840.0,0.114,1
KE-0363,Affordable,2-Bedroom,Eastlands,55,41143.0,2262900.0,452600.0,388300.0,217200.0,2886600.0,6.0,15,24360.0,127800,1920.0,0.191,1
KE-0364,Affordable,1-Bedroom,Kibera,37,37689.0,1394500.0,278900.0,239300.0,133900.0,1778800.0,6.0,30,10660.0,132500,1990.0,0.08,1
KE-0365,Market-Rate,3-Bedroom,Ruiru,81,66190.0,5361400.0,1072300.0,1286700.0,0.0,7720400.0,9.0,20,69460.0,285200,4280.0,0.244,1
KE-0366,Affordable,2-Bedroom,Kibera,54,38185.0,2062000.0,412400.0,353800.0,198000.0,2630200.0,6.0,20,18840.0,69100,1040.0,0.273,1
KE-0367,Market-Rate,Studio,Kibera,21,59752.0,1254800.0,251000.0,301200.0,0.0,1807000.0,9.0,25,15160.0,462900,6940.0,0.033,1
KE-0368,Market-Rate,2-Bedroom,Embakasi,54,74250.0,4009500.0,801900.0,962300.0,0.0,5773700.0,9.0,15,58560.0,307800,4620.0,0.19,1
KE-0369,Social,1-Bedroom,Nakuru,35,37066.0,1297300.0,259500.0,146300.0,233500.0,1469600.0,3.0,20,8150.0,16000,240.0,0.509,0
KE-0370,Social,2-Bedroom,Embakasi,52,42725.0,2221700.0,444300.0,250600.0,399900.0,2516700.0,3.0,30,10610.0,17500,260.0,0.606,0
KE-0371,Social,Studio,Nakuru,22,37102.0,816200.0,163200.0,92100.0,146900.0,924600.0,3.0,15,6390.0,13000,200.0,0.492,0
KE-0372,Social,Studio,Westlands,17,57451.0,976700.0,195300.0,110200.0,175800.0,1106400.0,3.0,30,4660.0,15600,230.0,0.299,1
KE-0373,Social,3-Bedroom,Mombasa,81,51375.0,4161400.0,832300.0,469400.0,749100.0,4714000.0,3.0,30,19870.0,11600,170.0,1.713,0
KE-0374,Affordable,1-Bedroom,Nakuru,32,44295.0,1417400.0,283500.0,243200.0,136100.0,1808000.0,6.0,25,11650.0,132400,1990.0,0.088,1
KE-0375,Social,2-Bedroom,Eastlands,55,36960.0,2032800.0,406600.0,229300.0,365900.0,2302800.0,3.0,25,10920.0,17300,260.0,0.631,0
KE-0376,Affordable,1-Bedroom,Embakasi,37,48572.0,1797200.0,359400.0,308400.0,172500.0,2292500.0,6.0,15,19350.0,127100,1910.0,0.152,1
KE-0377,Market-Rate,2-Bedroom,Ruiru,56,65156.0,3648700.0,729700.0,875700.0,0.0,5254100.0,9.0,30,42280.0,299000,4480.0,0.141,1
KE-0378,Social,2-Bedroom,Mombasa,57,50360.0,2870500.0,574100.0,323800.0,516700.0,3251700.0,3.0,25,15420.0,15200,230.0,1.014,0
KE-0379,Market-Rate,2-Bedroom,Westlands,54,94537.0,5105000.0,1021000.0,1225200.0,0.0,7351200.0,9.0,20,66140.0,259800,3900.0,0.255,1
KE-0380,Social,1-Bedroom,Nakuru,32,37889.0,1212500.0,242500.0,136800.0,218200.0,1373600.0,3.0,20,7620.0,16800,250.0,0.454,0
KE-0381,Social,1-Bedroom,Westlands,37,55555.0,2055500.0,411100.0,231900.0,370000.0,2328500.0,3.0,30,9820.0,17200,260.0,0.571,0
KE-0382,Affordable,Studio,Ruiru,18,46838.0,843100.0,168600.0,144700.0,80900.0,1075500.0,6.0,25,6930.0,83900,1260.0,0.083,1
KE-0383,Affordable,1-Bedroom,Kibera,32,39676.0,1269600.0,253900.0,217900.0,121900.0,1619500.0,6.0,30,9710.0,59300,890.0,0.164,1
KE-0384,Market-Rate,2-Bedroom,Kisumu,54,78995.0,4265800.0,853200.0,1023800.0,0.0,6142800.0,9.0,20,55270.0,336800,5050.0,0.164,1
KE-0385,Affordable,3-Bedroom,Ruiru,82,43539.0,3570200.0,714000.0,612600.0,342700.0,4554100.0,6.0,25,29340.0,66100,990.0,0.444,0
KE-0386,Market-Rate,3-Bedroom,Kasarani,81,78870.0,6388500.0,1277700.0,1533200.0,0.0,9199400.0,9.0,25,77200.0,234600,3520.0,0.329,0
KE-0387,Social,2-Bedroom,Ruiru,54,38989.0,2105400.0,421100.0,237500.0,379000.0,2385000.0,3.0,20,13230.0,12900,190.0,1.026,0
KE-0388,Social,2-Bedroom,Westlands,53,57259.0,3034700.0,606900.0,342300.0,546200.0,3437700.0,3.0,30,14490.0,18100,270.0,0.801,0
KE-0389,Affordable,2-Bedroom,Eastlands,57,43921.0,2503500.0,500700.0,429600.0,240300.0,3193500.0,6.0,30,19150.0,99100,1490.0,0.193,1
KE-0390,Market-Rate,1-Bedroom,Embakasi,38,72599.0,2758700.0,551700.0,662100.0,0.0,3972500.0,9.0,30,31960.0,496000,7440.0,0.064,1
KE-0391,Market-Rate,3-Bedroom,Eastlands,83,60665.0,5035200.0,1007000.0,1208400.0,0.0,7250600.0,9.0,15,73540.0,238400,3580.0,0.308,0
KE-0392,Affordable,2-Bedroom,Westlands,55,68018.0,3741000.0,748200.0,642000.0,359100.0,4772100.0,6.0,20,34190.0,118200,1770.0,0.289,1
KE-0393,Affordable,2-Bedroom,Embakasi,52,49298.0,2563500.0,512700.0,439900.0,246100.0,3270000.0,6.0,25,21070.0,116900,1750.0,0.18,1
KE-0394,Affordable,Studio,Kasarani,21,52626.0,1105100.0,221000.0,189600.0,106100.0,1409600.0,6.0,20,10100.0,107500,1610.0,0.094,1
KE-0395,Affordable,1-Bedroom,Kisumu,35,54027.0,1890900.0,378200.0,324500.0,181500.0,2412100.0,6.0,15,20350.0,41200,620.0,0.494,0
KE-0396,Market-Rate,1-Bedroom,Mombasa,37,90506.0,3348700.0,669700.0,803700.0,0.0,4822100.0,9.0,20,43390.0,469900,7050.0,0.092,1
KE-0397,Market-Rate,3-Bedroom,Westlands,83,95285.0,7908700.0,1581700.0,1898100.0,0.0,11388500.0,9.0,30,91630.0,166000,2490.0,0.552,0
KE-0398,Affordable,2-Bedroom,Nakuru,58,42750.0,2479500.0,495900.0,425500.0,238000.0,3162900.0,6.0,25,20380.0,141100,2120.0,0.144,1
KE-0399,Affordable,1-Bedroom,Westlands,38,64503.0,2451100.0,490200.0,420600.0,235300.0,3126600.0,6.0,30,18750.0,96300,1440.0,0.195,1
KE-0400,Affordable,3-Bedroom,Westlands,82,67617.0,5544600.0,1108900.0,951500.0,532300.0,7072700.0,6.0,15,59680.0,125700,1890.0,0.475,0
KE-0401,Social,Studio,Embakasi,23,40406.0,929300.0,185900.0,104800.0,167300.0,1052700.0,3.0,25,4990.0,17700,270.0,0.282,1
KE-0402,Market-Rate,1-Bedroom,Nairobi CBD,34,105531.0,3588000.0,717600.0,861100.0,0.0,5166700.0,9.0,15,52400.0,285700,4290.0,0.183,1
KE-0403,Affordable,Studio,Ruiru,22,43603.0,959300.0,191900.0,164600.0,92100.0,1223700.0,6.0,15,10330.0,66500,1000.0,0.155,1
KE-0404,Market-Rate,2-Bedroom,Nairobi CBD,56,100860.0,5648100.0,1129600.0,1355500.0,0.0,8133200.0,9.0,25,68250.0,398100,5970.0,0.171,1
KE-0405,Affordable,3-Bedroom,Kasarani,80,51197.0,4095700.0,819100.0,702800.0,393200.0,5224400.0,6.0,25,33660.0,53000,800.0,0.635,0
KE-0406,Market-Rate,1-Bedroom,Nakuru,36,64487.0,2321500.0,464300.0,557200.0,0.0,3343000.0,9.0,15,33910.0,185300,2780.0,0.183,1
KE-0407,Affordable,3-Bedroom,Kisumu,78,54768.0,4271900.0,854400.0,733100.0,410100.0,5449300.0,6.0,30,32670.0,147600,2210.0,0.221,1
KE-0408,Social,1-Bedroom,Kibera,38,35232.0,1338800.0,267800.0,151000.0,241000.0,1516600.0,3.0,25,7190.0,10500,160.0,0.685,0
KE-0409,Market-Rate,3-Bedroom,Kasarani,78,76480.0,5965500.0,1193100.0,1431700.0,0.0,8590300.0,9.0,30,69120.0,345800,5190.0,0.2,1
KE-0410,Social,2-Bedroom,Kibera,52,33254.0,1729200.0,345800.0,195000.0,311200.0,1958800.0,3.0,20,10860.0,16400,250.0,0.662,0
KE-0411,Affordable,2-Bedroom,Kibera,52,39285.0,2042800.0,408600.0,350600.0,196100.0,2605900.0,6.0,20,18670.0,62800,940.0,0.297,1
KE-0412,Market-Rate,Studio,Kisumu,18,76805.0,1382500.0,276500.0,331800.0,0.0,1990800.0,9.0,25,16710.0,233400,3500.0,0.072,1
KE-0413,Market-Rate,3-Bedroom,Eastlands,82,63520.0,5208600.0,1041700.0,1250100.0,0.0,7500400.0,9.0,20,67480.0,161600,2420.0,0.418,0
KE-0414,Affordable,2-Bedroom,Nairobi CBD,56,69674.0,3901700.0,780300.0,669500.0,374600.0,4976900.0,6.0,15,42000.0,143600,2150.0,0.292,1
KE-0415,Affordable,1-Bedroom,Westlands,33,62613.0,2066200.0,413200.0,354600.0,198400.0,2635600.0,6.0,20,18880.0,119500,1790.0,0.158,1
KE-0416,Affordable,2-Bedroom,Mombasa,52,54939.0,2856800.0,571400.0,490200.0,274300.0,3644100.0,6.0,25,23480.0,37000,560.0,0.635,0
KE-0417,Social,1-Bedroom,Kibera,33,34266.0,1130800.0,226200.0,127600.0,203600.0,1281000.0,3.0,15,8850.0,11300,170.0,0.783,0
KE-0418,Affordable,3-Bedroom,Nakuru,82,41221.0,3380100.0,676000.0,580000.0,324500.0,4311600.0,6.0,15,36380.0,142000,2130.0,0.256,1
KE-0419,Affordable,Studio,Kasarani,18,48377.0,870800.0,174200.0,149400.0,83600.0,1110800.0,6.0,15,9370.0,117800,1770.0,0.08,1
KE-0420,Affordable,2-Bedroom,Eastlands,56,41202.0,2307300.0,461500.0,395900.0,221500.0,2943200.0,6.0,20,21090.0,137000,2060.0,0.154,1
KE-0421,Affordable,2-Bedroom,Kibera,55,38515.0,2118300.0,423700.0,363500.0,203400.0,2702100.0,6.0,25,17410.0,91500,1370.0,0.19,1
KE-0422,Affordable,Studio,Eastlands,22,42632.0,937900.0,187600.0,160900.0,90000.0,1196400.0,6.0,20,8570.0,81800,1230.0,0.105,1
KE-0423,Social,1-Bedroom,Eastlands,32,35748.0,1143900.0,228800.0,129000.0,205900.0,1295800.0,3.0,30,5460.0,11400,170.0,0.479,0
KE-0424,Affordable,Studio,Kibera,21,38624.0,811100.0,162200.0,139200.0,77900.0,1034600.0,6.0,25,6670.0,36100,540.0,0.185,1
KE-0425,Social,1-Bedroom,Embakasi,33,41460.0,1368200.0,273600.0,154300.0,246300.0,1549800.0,3.0,15,10700.0,14500,220.0,0.738,0
KE-0426,Affordable,1-Bedroom,Ruiru,33,45708.0,1508400.0,301700.0,258800.0,144800.0,1924100.0,6.0,20,13780.0,25000,380.0,0.551,0
KE-0427,Affordable,2-Bedroom,Nakuru,55,43070.0,2368900.0,473800.0,406500.0,227400.0,3021800.0,6.0,30,18120.0,101400,1520.0,0.179,1
KE-0428,Market-Rate,1-Bedroom,Westlands,32,94291.0,3017300.0,603500.0,724200.0,0.0,4345000.0,9.0,25,36460.0,446200,6690.0,0.082,1
KE-0429,Affordable,1-Bedroom,Westlands,32,66688.0,2134000.0,426800.0,366200.0,204900.0,2722100.0,6.0,20,19500.0,91900,1380.0,0.212,1
KE-0430,Social,2-Bedroom,Nakuru,54,37270.0,2012600.0,402500.0,227000.0,362300.0,2279800.0,3.0,25,10810.0,10700,160.0,1.01,0
KE-0431,Social,Studio,Embakasi,17,43852.0,745500.0,149100.0,84100.0,134200.0,844500.0,3.0,25,4000.0,18400,280.0,0.217,1
KE-0432,Affordable,3-Bedroom,Westlands,80,67231.0,5378500.0,1075700.0,923000.0,516300.0,6860900.0,6.0,20,49150.0,121000,1820.0,0.406,0
KE-0433,Affordable,3-Bedroom,Eastlands,83,40876.0,3392700.0,678500.0,582200.0,325700.0,4327700.0,6.0,30,25950.0,106600,1600.0,0.243,1
KE-0434,Social,2-Bedroom,Kisumu,54,44076.0,2380100.0,476000.0,268500.0,428400.0,2696200.0,3.0,25,12790.0,12600,190.0,1.015,0
KE-0435,Social,2-Bedroom,Kasarani,54,44172.0,2385300.0,477100.0,269100.0,429400.0,2702100.0,3.0,15,18660.0,17900,270.0,1.042,0
KE-0436,Affordable,3-Bedroom,Nairobi CBD,78,63911.0,4985000.0,997000.0,855400.0,478600.0,6358800.0,6.0,15,53660.0,85400,1280.0,0.628,0
KE-0437,Social,Studio,Westlands,18,54711.0,984800.0,197000.0,111100.0,177300.0,1115600.0,3.0,20,6190.0,19700,300.0,0.314,0
KE-0438,Market-Rate,Studio,Nakuru,17,65564.0,1114600.0,222900.0,267500.0,0.0,1605000.0,9.0,15,16280.0,366500,5500.0,0.044,1
KE-0439,Affordable,1-Bedroom,Kisumu,34,54774.0,1862300.0,372500.0,319600.0,178800.0,2375600.0,6.0,25,15310.0,143700,2160.0,0.107,1
KE-0440,Social,2-Bedroom,Kibera,53,32682.0,1732100.0,346400.0,195400.0,311800.0,1962100.0,3.0,20,10880.0,18900,280.0,0.576,0
KE-0441,Social,Studio,Ruiru,20,39308.0,786200.0,157200.0,88700.0,141500.0,890600.0,3.0,25,4220.0,15800,240.0,0.267,1
KE-0442,Market-Rate,2-Bedroom,Nakuru,53,64029.0,3393500.0,678700.0,814400.0,0.0,4886600.0,9.0,25,41010.0,240400,3610.0,0.171,1
KE-0443,Affordable,3-Bedroom,Eastlands,82,40928.0,3356100.0,671200.0,575900.0,322200.0,4281000.0,6.0,30,25670.0,68800,1030.0,0.373,0
KE-0444,Affordable,3-Bedroom,Ruiru,82,46750.0,3833500.0,766700.0,657800.0,368000.0,4890000.0,6.0,15,41260.0,111300,1670.0,0.371,0
KE-0445,Market-Rate,2-Bedroom,Kasarani,53,78135.0,4141200.0,828200.0,993900.0,0.0,5963300.0,9.0,25,50040.0,377700,5670.0,0.132,1
KE-0446,Market-Rate,Studio,Kasarani,19,78067.0,1483300.0,296700.0,356000.0,0.0,2136000.0,9.0,15,21660.0,440000,6600.0,0.049,1
KE-0447,Market-Rate,2-Bedroom,Embakasi,58,72026.0,4177500.0,835500.0,1002600.0,0.0,6015600.0,9.0,30,48400.0,298900,4480.0,0.162,1
KE-0448,Affordable,2-Bedroom,Mombasa,58,60108.0,3486300.0,697300.0,598300.0,334700.0,4447200.0,6.0,15,37530.0,111600,1670.0,0.336,0
KE-0449,Affordable,Studio,Embakasi,19,47738.0,907000.0,181400.0,155600.0,87100.0,1156900.0,6.0,25,7450.0,64100,960.0,0.116,1
KE-0450,Social,Studio,Kisumu,21,45033.0,945700.0,189100.0,106700.0,170200.0,1071300.0,3.0,20,5940.0,16000,240.0,0.371,0
KE-0451,Affordable,3-Bedroom,Ruiru,83,44071.0,3657900.0,731600.0,627700.0,351200.0,4666000.0,6.0,30,27980.0,126700,1900.0,0.221,1
KE-0452,Affordable,2-Bedroom,Mombasa,57,54803.0,3123700.0,624700.0,536000.0,299900.0,3984500.0,6.0,15,33620.0,32700,490.0,1.028,0
KE-0453,Affordable,2-Bedroom,Kibera,55,36561.0,2010800.0,402200.0,345100.0,193000.0,2565100.0,6.0,30,15380.0,146600,2200.0,0.105,1
KE-0454,Market-Rate,3-Bedroom,Eastlands,79,65418.0,5168000.0,1033600.0,1240300.0,0.0,7441900.0,9.0,20,66960.0,246500,3700.0,0.272,1
KE-0455,Social,2-Bedroom,Ruiru,52,39036.0,2029900.0,406000.0,229000.0,365400.0,2299500.0,3.0,25,10900.0,11400,170.0,0.956,0
KE-0456,Affordable,2-Bedroom,Embakasi,57,48799.0,2781600.0,556300.0,477300.0,267000.0,3548200.0,6.0,25,22860.0,138500,2080.0,0.165,1
KE-0457,Social,1-Bedroom,Nairobi CBD,35,58458.0,2046000.0,409200.0,230800.0,368300.0,2317700.0,3.0,25,10990.0,15500,230.0,0.709,0
KE-0458,Affordable,1-Bedroom,Mombasa,35,58996.0,2064800.0,413000.0,354300.0,198200.0,2633900.0,6.0,25,16970.0,110100,1650.0,0.154,1
KE-0459,Social,1-Bedroom,Mombasa,34,50894.0,1730400.0,346100.0,195200.0,311500.0,1960200.0,3.0,25,9300.0,15500,230.0,0.6,0
KE-0460,Social,2-Bedroom,Eastlands,55,38271.0,2104900.0,421000.0,237400.0,378900.0,2384400.0,3.0,30,10050.0,13100,200.0,0.767,0
KE-0461,Social,2-Bedroom,Westlands,54,55399.0,2991600.0,598300.0,337500.0,538500.0,3388900.0,3.0,25,16070.0,18500,280.0,0.869,0
KE-0462,Affordable,3-Bedroom,Kasarani,83,50429.0,4185600.0,837100.0,718200.0,401800.0,5339100.0,6.0,25,34400.0,147600,2210.0,0.233,1
KE-0463,Affordable,1-Bedroom,Kasarani,33,48239.0,1591900.0,318400.0,273200.0,152800.0,2030700.0,6.0,30,12180.0,77200,1160.0,0.158,1
KE-0464,Affordable,2-Bedroom,Nairobi CBD,57,67644.0,3855700.0,771100.0,661600.0,370100.0,4918300.0,6.0,15,41500.0,72700,1090.0,0.571,0
KE-0465,Market-Rate,2-Bedroom,Kisumu,56,79658.0,4460900.0,892200.0,1070600.0,0.0,6423700.0,9.0,15,65150.0,468800,7030.0,0.139,1
KE-0466,Affordable,2-Bedroom,Kisumu,53,50417.0,2672100.0,534400.0,458500.0,256500.0,3408500.0,6.0,25,21960.0,87600,1310.0,0.251,1
KE-0467,Social,2-Bedroom,Kibera,57,32068.0,1827900.0,365600.0,206200.0,329000.0,2070700.0,3.0,20,11480.0,13500,200.0,0.85,0
KE-0468,Market-Rate,1-Bedroom,Ruiru,34,68682.0,2335200.0,467000.0,560400.0,0.0,3362600.0,9.0,30,27060.0,426500,6400.0,0.063,1
KE-0469,Social,2-Bedroom,Nakuru,57,36082.0,2056700.0,411300.0,232000.0,370200.0,2329800.0,3.0,30,9820.0,19700,300.0,0.498,0
KE-0470,Market-Rate,Studio,Westlands,23,100526.0,2312100.0,462400.0,554900.0,0.0,3329400.0,9.0,15,33770.0,268100,4020.0,0.126,1
KE-0471,Social,1-Bedroom,Embakasi,34,43835.0,1490400.0,298100.0,168100.0,268300.0,1688300.0,3.0,20,9360.0,19900,300.0,0.47,0
KE-0472,Market-Rate,1-Bedroom,Nakuru,33,66464.0,2193300.0,438700.0,526400.0,0.0,3158400.0,9.0,15,32030.0,219500,3290.0,0.146,1
KE-0473,Social,2-Bedroom,Nakuru,52,36538.0,1900000.0,380000.0,214300.0,342000.0,2152300.0,3.0,25,10210.0,13900,210.0,0.735,0
KE-0474,Market-Rate,3-Bedroom,Mombasa,77,88048.0,6779700.0,1355900.0,1627100.0,0.0,9762700.0,9.0,25,81930.0,263600,3950.0,0.311,0
KE-0475,Affordable,2-Bedroom,Nairobi CBD,57,64156.0,3656900.0,731400.0,627500.0,351100.0,4664700.0,6.0,15,39360.0,72400,1090.0,0.544,0
KE-0476,Market-Rate,2-Bedroom,Kasarani,52,72509.0,3770500.0,754100.0,904900.0,0.0,5429500.0,9.0,20,48850.0,201000,3020.0,0.243,1
KE-0477,Social,2-Bedroom,Kibera,54,34179.0,1845700.0,369100.0,208200.0,332200.0,2090800.0,3.0,15,14440.0,11300,170.0,1.278,0
KE-0478,Affordable,2-Bedroom,Kisumu,55,50453.0,2774900.0,555000.0,476200.0,266400.0,3539700.0,6.0,25,22810.0,21100,320.0,1.081,0
KE-0479,Market-Rate,Studio,Nairobi CBD,19,103481.0,1966100.0,393200.0,471900.0,0.0,2831200.0,9.0,30,22780.0,312000,4680.0,0.073,1
KE-0480,Affordable,1-Bedroom,Mombasa,35,54858.0,1920000.0,384000.0,329500.0,184300.0,2449200.0,6.0,30,14680.0,79900,1200.0,0.184,1
KE-0481,Affordable,1-Bedroom,Embakasi,33,46450.0,1532800.0,306600.0,263000.0,147200.0,1955200.0,6.0,30,11720.0,41500,620.0,0.282,1
KE-0482,Affordable,1-Bedroom,Kibera,36,40154.0,1445500.0,289100.0,248000.0,138800.0,1843800.0,6.0,20,13210.0,127400,1910.0,0.104,1
KE-0483,Affordable,Studio,Mombasa,20,58917.0,1178300.0,235700.0,202200.0,113100.0,1503100.0,6.0,25,9680.0,130000,1950.0,0.074,1
KE-0484,Affordable,Studio,Kasarani,17,49861.0,847600.0,169500.0,145400.0,81400.0,1081100.0,6.0,15,9120.0,88900,1330.0,0.103,1
KE-0485,Affordable,1-Bedroom,Kasarani,34,48369.0,1644500.0,328900.0,282200.0,157900.0,2097700.0,6.0,20,15030.0,86700,1300.0,0.173,1
KE-0486,Market-Rate,3-Bedroom,Kasarani,78,77849.0,6072200.0,1214400.0,1457300.0,0.0,8743900.0,9.0,20,78670.0,388700,5830.0,0.202,1
KE-0487,Social,1-Bedroom,Nairobi CBD,32,59076.0,1890400.0,378100.0,213200.0,340300.0,2141400.0,3.0,25,10150.0,14300,210.0,0.71,0
KE-0488,Social,1-Bedroom,Nairobi CBD,33,60456.0,1995000.0,399000.0,225000.0,359100.0,2259900.0,3.0,20,12530.0,17100,260.0,0.733,0
KE-0489,Market-Rate,Studio,Kisumu,21,80212.0,1684400.0,336900.0,404300.0,0.0,2425600.0,9.0,25,20360.0,481500,7220.0,0.042,1
KE-0490,Market-Rate,2-Bedroom,Kisumu,58,83101.0,4819800.0,964000.0,1156800.0,0.0,6940600.0,9.0,20,62450.0,450300,6750.0,0.139,1
KE-0491,Affordable,1-Bedroom,Embakasi,34,49797.0,1693100.0,338600.0,290500.0,162500.0,2159700.0,6.0,15,18220.0,131000,1960.0,0.139,1
KE-0492,Affordable,1-Bedroom,Kibera,37,37343.0,1381700.0,276300.0,237100.0,132600.0,1762500.0,6.0,15,14870.0,63200,950.0,0.235,1
KE-0493,Social,2-Bedroom,Eastlands,54,36626.0,1977800.0,395600.0,223100.0,356000.0,2240500.0,3.0,25,10620.0,16900,250.0,0.628,0
KE-0494,Social,Studio,Eastlands,21,35174.0,738600.0,147700.0,83300.0,132900.0,836700.0,3.0,25,3970.0,16200,240.0,0.245,1
KE-0495,Affordable,Studio,Mombasa,19,56290.0,1069500.0,213900.0,183500.0,102700.0,1364200.0,6.0,25,8790.0,128500,1930.0,0.068,1
KE-0496,Affordable,1-Bedroom,Kasarani,37,49755.0,1841000.0,368200.0,315900.0,176700.0,2348400.0,6.0,25,15130.0,33900,510.0,0.446,0
KE-0497,Affordable,Studio,Kibera,20,36741.0,734800.0,147000.0,126100.0,70500.0,937400.0,6.0,15,7910.0,72300,1080.0,0.109,1
KE-0498,Social,Studio,Nakuru,18,39528.0,711500.0,142300.0,80300.0,128100.0,806000.0,3.0,20,4470.0,15700,240.0,0.285,1
KE-0499,Market-Rate,1-Bedroom,Nairobi CBD,37,102335.0,3786400.0,757300.0,908700.0,0.0,5452400.0,9.0,30,43870.0,364200,5460.0,0.12,1
KE-0500,Market-Rate,2-Bedroom,Ruiru,52,69602.0,3619300.0,723900.0,868600.0,0.0,5211800.0,9.0,25,43740.0,493700,7410.0,0.089,1
KE-0501,Affordable,2-Bedroom,Westlands,56,65244.0,3653700.0,730700.0,627000.0,350800.0,4660600.0,6.0,30,27940.0,35000,520.0,0.798,0
KE-0502,Affordable,2-Bedroom,Embakasi,55,48637.0,2675100.0,535000.0,459000.0,256800.0,3412300.0,6.0,30,20460.0,147400,2210.0,0.139,1
KE-0503,Affordable,1-Bedroom,Kasarani,32,52890.0,1692500.0,338500.0,290400.0,162500.0,2158900.0,6.0,30,12940.0,22900,340.0,0.565,0
KE-0504,Market-Rate,3-Bedroom,Kasarani,77,77340.0,5955200.0,1191000.0,1429200.0,0.0,8575400.0,9.0,15,86980.0,201400,3020.0,0.432,0
KE-0505,Affordable,1-Bedroom,Kasarani,36,50068.0,1802400.0,360500.0,309300.0,173000.0,2299200.0,6.0,15,19400.0,48800,730.0,0.398,0
KE-0506,Social,Studio,Nairobi CBD,20,58265.0,1165300.0,233100.0,131400.0,209800.0,1320000.0,3.0,25,6260.0,14800,220.0,0.423,0
KE-0507,Market-Rate,2-Bedroom,Nairobi CBD,58,102506.0,5945300.0,1189100.0,1426900.0,0.0,8561300.0,9.0,25,71850.0,312700,4690.0,0.23,1
KE-0508,Market-Rate,Studio,Westlands,17,96407.0,1638900.0,327800.0,393300.0,0.0,2360000.0,9.0,15,23940.0,249500,3740.0,0.096,1
KE-0509,Market-Rate,1-Bedroom,Nakuru,32,65408.0,2093000.0,418600.0,502300.0,0.0,3013900.0,9.0,25,25290.0,287000,4300.0,0.088,1
KE-0510,Affordable,2-Bedroom,Kibera,55,37100.0,2040500.0,408100.0,350100.0,195900.0,2602800.0,6.0,25,16770.0,147300,2210.0,0.114,1
KE-0511,Affordable,3-Bedroom,Kasarani,79,50669.0,4002900.0,800600.0,686900.0,384300.0,5106100.0,6.0,30,30610.0,41300,620.0,0.741,0
KE-0512,Affordable,1-Bedroom,Eastlands,32,41015.0,1312500.0,262500.0,225200.0,126000.0,1674200.0,6.0,25,10790.0,118200,1770.0,0.091,1
KE-0513,Market-Rate,2-Bedroom,Kisumu,53,75440.0,3998300.0,799700.0,959600.0,0.0,5757600.0,9.0,20,51800.0,171600,2570.0,0.302,0
KE-0514,Market-Rate,3-Bedroom,Eastlands,80,60466.0,4837300.0,967500.0,1161000.0,0.0,6965800.0,9.0,25,58460.0,382100,5730.0,0.153,1
KE-0515,Social,Studio,Mombasa,17,51383.0,873500.0,174700.0,98500.0,157200.0,989500.0,3.0,15,6830.0,12200,180.0,0.56,0
KE-0516,Social,1-Bedroom,Eastlands,36,38055.0,1370000.0,274000.0,154500.0,246600.0,1551900.0,3.0,30,6540.0,17300,260.0,0.378,0
KE-0517,Affordable,1-Bedroom,Mombasa,37,58234.0,2154700.0,430900.0,369700.0,206800.0,2748500.0,6.0,15,23190.0,99400,1490.0,0.233,1
KE-0518,Market-Rate,1-Bedroom,Ruiru,33,65891.0,2174400.0,434900.0,521900.0,0.0,3131200.0,9.0,30,25190.0,287800,4320.0,0.088,1
KE-0519,Market-Rate,1-Bedroom,Kisumu,37,79986.0,2959500.0,591900.0,710300.0,0.0,4261700.0,9.0,20,38340.0,304500,4570.0,0.126,1
KE-0520,Social,3-Bedroom,Eastlands,82,36177.0,2966500.0,593300.0,334600.0,534000.0,3360400.0,3.0,15,23210.0,19700,300.0,1.178,0
KE-0521,Affordable,2-Bedroom,Ruiru,52,45583.0,2370300.0,474100.0,406700.0,227600.0,3023500.0,6.0,15,25510.0,71400,1070.0,0.357,0
KE-0522,Affordable,2-Bedroom,Embakasi,53,49126.0,2603700.0,520700.0,446800.0,250000.0,3321200.0,6.0,25,21400.0,108000,1620.0,0.198,1
KE-0523,Market-Rate,1-Bedroom,Kibera,33,58089.0,1916900.0,383400.0,460100.0,0.0,2760400.0,9.0,25,23170.0,442000,6630.0,0.052,1
KE-0524,Market-Rate,2-Bedroom,Ruiru,54,66173.0,3573300.0,714700.0,857600.0,0.0,5145600.0,9.0,20,46300.0,352300,5280.0,0.131,1
KE-0525,Market-Rate,3-Bedroom,Kibera,82,58835.0,4824500.0,964900.0,1157900.0,0.0,6947300.0,9.0,15,70460.0,471400,7070.0,0.149,1
KE-0526,Affordable,2-Bedroom,Eastlands,53,40658.0,2154900.0,431000.0,369800.0,206900.0,2748800.0,6.0,20,19690.0,70200,1050.0,0.28,1
KE-0527,Affordable,Studio,Nakuru,19,43814.0,832500.0,166500.0,142900.0,79900.0,1062000.0,6.0,15,8960.0,122600,1840.0,0.073,1
KE-0528,Social,2-Bedroom,Ruiru,55,39878.0,2193300.0,438700.0,247400.0,394800.0,2484600.0,3.0,15,17160.0,13600,200.0,1.262,0
KE-0529,Social,Studio,Kisumu,19,45350.0,861700.0,172300.0,97200.0,155100.0,976100.0,3.0,25,4630.0,10200,150.0,0.454,0
KE-0530,Market-Rate,1-Bedroom,Eastlands,36,65314.0,2351300.0,470300.0,564300.0,0.0,3385900.0,9.0,30,27240.0,468500,7030.0,0.058,1
KE-0531,Market-Rate,Studio,Kasarani,23,74056.0,1703300.0,340700.0,408800.0,0.0,2452800.0,9.0,15,24880.0,177500,2660.0,0.14,1
KE-0532,Market-Rate,2-Bedroom,Nairobi CBD,52,99060.0,5151100.0,1030200.0,1236300.0,0.0,7417600.0,9.0,20,66740.0,449500,6740.0,0.148,1
KE-0533,Market-Rate,2-Bedroom,Ruiru,55,66219.0,3642100.0,728400.0,874100.0,0.0,5244600.0,9.0,25,44010.0,329000,4940.0,0.134,1
KE-0534,Affordable,Studio,Kisumu,23,52191.0,1200400.0,240100.0,206000.0,115200.0,1531300.0,6.0,15,12920.0,110500,1660.0,0.117,1
KE-0535,Affordable,1-Bedroom,Embakasi,38,48451.0,1841200.0,368200.0,315900.0,176800.0,2348500.0,6.0,20,16830.0,120400,1810.0,0.14,1
KE-0536,Market-Rate,1-Bedroom,Kasarani,35,72329.0,2531500.0,506300.0,607600.0,0.0,3645400.0,9.0,25,30590.0,287300,4310.0,0.106,1
KE-0537,Market-Rate,1-Bedroom,Embakasi,36,69032.0,2485200.0,497000.0,596400.0,0.0,3578600.0,9.0,20,32200.0,478700,7180.0,0.067,1
KE-0538,Social,Studio,Eastlands,19,37027.0,703500.0,140700.0,79400.0,126600.0,797000.0,3.0,20,4420.0,16900,250.0,0.262,1
KE-0539,Affordable,1-Bedroom,Nairobi CBD,32,65744.0,2103800.0,420800.0,361000.0,202000.0,2683600.0,6.0,15,22650.0,79100,1190.0,0.286,1
KE-0540,Social,2-Bedroom,Ruiru,54,41144.0,2221800.0,444400.0,250600.0,399900.0,2516900.0,3.0,25,11940.0,10500,160.0,1.137,0
KE-0541,Market-Rate,Studio,Ruiru,18,70886.0,1276000.0,255200.0,306200.0,0.0,1837400.0,9.0,20,16530.0,458400,6880.0,0.036,1
KE-0542,Affordable,Studio,Nakuru,19,45069.0,856300.0,171300.0,146900.0,82200.0,1092300.0,6.0,25,7040.0,135000,2020.0,0.052,1
KE-0543,Social,1-Bedroom,Nakuru,35,36491.0,1277200.0,255400.0,144100.0,229900.0,1446800.0,3.0,15,9990.0,18000,270.0,0.555,0
KE-0544,Affordable,3-Bedroom,Eastlands,77,42065.0,3239000.0,647800.0,555800.0,310900.0,4131700.0,6.0,25,26620.0,86300,1290.0,0.308,0
KE-0545,Affordable,2-Bedroom,Eastlands,54,42929.0,2318100.0,463600.0,397800.0,222500.0,2957000.0,6.0,15,24950.0,105800,1590.0,0.236,1
KE-0546,Affordable,2-Bedroom,Nairobi CBD,52,70101.0,3645300.0,729100.0,625500.0,350000.0,4649900.0,6.0,15,39240.0,25000,380.0,1.57,0
KE-0547,Social,1-Bedroom,Nakuru,32,38632.0,1236200.0,247200.0,139400.0,222500.0,1400300.0,3.0,15,9670.0,15200,230.0,0.636,0
KE-0548,Affordable,2-Bedroom,Kisumu,53,54805.0,2904700.0,580900.0,498400.0,278800.0,3705200.0,6.0,25,23870.0,134200,2010.0,0.178,1
KE-0549,Affordable,Studio,Kisumu,18,51380.0,924800.0,185000.0,158700.0,88800.0,1179700.0,6.0,20,8450.0,90200,1350.0,0.094,1
KE-0550,Affordable,2-Bedroom,Nairobi CBD,55,65562.0,3605900.0,721200.0,618800.0,346200.0,4599700.0,6.0,15,38810.0,58500,880.0,0.663,0
KE-0551,Affordable,3-Bedroom,Kisumu,81,50889.0,4122000.0,824400.0,707300.0,395700.0,5258000.0,6.0,30,31520.0,69000,1040.0,0.457,0
KE-0552,Market-Rate,2-Bedroom,Mombasa,58,86401.0,5011200.0,1002200.0,1202700.0,0.0,7216100.0,9.0,20,64930.0,166900,2500.0,0.389,0
KE-0553,Affordable,3-Bedroom,Kibera,77,39981.0,3078500.0,615700.0,528300.0,295500.0,3927000.0,6.0,30,23540.0,44600,670.0,0.528,0
KE-0554,Affordable,2-Bedroom,Nairobi CBD,56,67282.0,3767800.0,753600.0,646600.0,361700.0,4806300.0,6.0,30,28820.0,144700,2170.0,0.199,1
KE-0555,Market-Rate,Studio,Nairobi CBD,23,105152.0,2418500.0,483700.0,580400.0,0.0,3482600.0,9.0,30,28020.0,192600,2890.0,0.145,1
KE-0556,Affordable,3-Bedroom,Westlands,83,66768.0,5541800.0,1108400.0,951000.0,532000.0,7069200.0,6.0,25,45550.0,85400,1280.0,0.533,0
KE-0557,Social,Studio,Kasarani,20,43597.0,871900.0,174400.0,98400.0,156900.0,987800.0,3.0,15,6820.0,10200,150.0,0.669,0
KE-0558,Social,2-Bedroom,Kasarani,58,45272.0,2625800.0,525200.0,296200.0,472600.0,2974600.0,3.0,25,14110.0,16200,240.0,0.871,0
KE-0559,Affordable,Studio,Mombasa,23,60282.0,1386500.0,277300.0,237900.0,133100.0,1768600.0,6.0,25,11400.0,22800,340.0,0.5,0
KE-0560,Affordable,Studio,Nakuru,17,41605.0,707300.0,141500.0,121400.0,67900.0,902300.0,6.0,15,7610.0,92800,1390.0,0.082,1
KE-0561,Affordable,1-Bedroom,Eastlands,32,43209.0,1382700.0,276500.0,237300.0,132700.0,1763800.0,6.0,30,10570.0,96600,1450.0,0.109,1
KE-0562,Social,1-Bedroom,Eastlands,37,35876.0,1327400.0,265500.0,149700.0,238900.0,1503700.0,3.0,25,7130.0,11600,170.0,0.615,0
KE-0563,Social,1-Bedroom,Embakasi,36,41211.0,1483600.0,296700.0,167300.0,267000.0,1680600.0,3.0,30,7090.0,12900,190.0,0.55,0
KE-0564,Social,2-Bedroom,Mombasa,54,51636.0,2788300.0,557700.0,314500.0,501900.0,3158600.0,3.0,20,17520.0,15100,230.0,1.16,0
KE-0565,Affordable,Studio,Nairobi CBD,18,66564.0,1198100.0,239600.0,205600.0,115000.0,1528300.0,6.0,20,10950.0,136200,2040.0,0.08,1
KE-0566,Affordable,Studio,Mombasa,19,55864.0,1061400.0,212300.0,182100.0,101900.0,1353900.0,6.0,30,8120.0,24200,360.0,0.336,0
KE-0567,Affordable,2-Bedroom,Mombasa,56,59957.0,3357600.0,671500.0,576200.0,322300.0,4283000.0,6.0,25,27600.0,120700,1810.0,0.229,1
KE-0568,Affordable,1-Bedroom,Mombasa,33,59047.0,1948600.0,389700.0,334400.0,187100.0,2485600.0,6.0,25,16010.0,117200,1760.0,0.137,1
KE-0569,Market-Rate,2-Bedroom,Kasarani,54,78217.0,4223700.0,844700.0,1013700.0,0.0,6082100.0,9.0,25,51040.0,468400,7030.0,0.109,1
KE-0570,Affordable,2-Bedroom,Mombasa,57,60228.0,3433000.0,686600.0,589100.0,329600.0,4379100.0,6.0,20,31370.0,142400,2140.0,0.22,1
KE-0571,Affordable,2-Bedroom,Kibera,53,37783.0,2002500.0,400500.0,343600.0,192200.0,2554400.0,6.0,30,15310.0,118300,1770.0,0.129,1
KE-0572,Affordable,2-Bedroom,Eastlands,52,42182.0,2193400.0,438700.0,376400.0,210600.0,2797900.0,6.0,25,18030.0,40700,610.0,0.443,0
KE-0573,Affordable,1-Bedroom,Embakasi,34,46793.0,1591000.0,318200.0,273000.0,152700.0,2029500.0,6.0,30,12170.0,95500,1430.0,0.127,1
KE-0574,Affordable,2-Bedroom,Kibera,53,39586.0,2098100.0,419600.0,360000.0,201400.0,2676300.0,6.0,15,22580.0,21600,320.0,1.045,0
KE-0575,Market-Rate,1-Bedroom,Embakasi,37,70578.0,2611400.0,522300.0,626700.0,0.0,3760400.0,9.0,25,31560.0,388500,5830.0,0.081,1
KE-0576,Market-Rate,1-Bedroom,Westlands,38,100672.0,3825500.0,765100.0,918100.0,0.0,5508700.0,9.0,30,44320.0,160800,2410.0,0.276,1
KE-0577,Social,2-Bedroom,Embakasi,53,40516.0,2147400.0,429500.0,242200.0,386500.0,2432600.0,3.0,25,11540.0,10900,160.0,1.059,0
KE-0578,Market-Rate,1-Bedroom,Eastlands,33,65599.0,2164800.0,433000.0,519600.0,0.0,3117400.0,9.0,15,31620.0,300700,4510.0,0.105,1
KE-0579,Affordable,2-Bedroom,Eastlands,57,40355.0,2300200.0,460000.0,394700.0,220800.0,2934100.0,6.0,30,17590.0,84200,1260.0,0.209,1
KE-0580,Social,2-Bedroom,Mombasa,58,49046.0,2844600.0,568900.0,320900.0,512000.0,3222400.0,3.0,20,17870.0,17000,260.0,1.051,0
KE-0581,Affordable,3-Bedroom,Ruiru,79,43610.0,3445200.0,689000.0,591200.0,330700.0,4394700.0,6.0,20,31480.0,33400,500.0,0.943,0
KE-0582,Market-Rate,3-Bedroom,Westlands,80,92390.0,7391200.0,1478200.0,1773900.0,0.0,10643300.0,9.0,15,107950.0,265400,3980.0,0.407,0
KE-0583,Affordable,1-Bedroom,Nairobi CBD,34,68427.0,2326500.0,465300.0,399200.0,223300.0,2967700.0,6.0,20,21260.0,136600,2050.0,0.156,1
KE-0584,Affordable,1-Bedroom,Kisumu,38,55142.0,2095400.0,419100.0,359600.0,201200.0,2672900.0,6.0,30,16030.0,42700,640.0,0.375,0
KE-0585,Affordable,2-Bedroom,Embakasi,56,46989.0,2631400.0,526300.0,451600.0,252600.0,3356700.0,6.0,25,21630.0,72900,1090.0,0.297,1
KE-0586,Social,1-Bedroom,Ruiru,37,41110.0,1521100.0,304200.0,171600.0,273800.0,1723100.0,3.0,15,11900.0,19800,300.0,0.601,0
KE-0587,Social,2-Bedroom,Mombasa,54,50893.0,2748200.0,549600.0,310000.0,494700.0,3113100.0,3.0,20,17270.0,11300,170.0,1.528,0
KE-0588,Social,2-Bedroom,Kasarani,53,43008.0,2279400.0,455900.0,257100.0,410300.0,2582100.0,3.0,25,12240.0,10400,160.0,1.177,0
KE-0589,Social,2-Bedroom,Nairobi CBD,57,56853.0,3240600.0,648100.0,365500.0,583300.0,3670900.0,3.0,25,17410.0,10600,160.0,1.642,0
KE-0590,Social,1-Bedroom,Nakuru,32,38622.0,1235900.0,247200.0,139400.0,222500.0,1400000.0,3.0,30,5900.0,11800,180.0,0.5,0
KE-0591,Social,Studio,Ruiru,23,41293.0,949700.0,189900.0,107100.0,170900.0,1075800.0,3.0,25,5100.0,14300,210.0,0.357,0
KE-0592,Affordable,1-Bedroom,Kasarani,34,48728.0,1656800.0,331400.0,284300.0,159100.0,2113400.0,6.0,20,15140.0,90500,1360.0,0.167,1
KE-0593,Social,Studio,Westlands,22,56977.0,1253500.0,250700.0,141400.0,225600.0,1420000.0,3.0,25,6730.0,18900,280.0,0.356,0
KE-0594,Affordable,3-Bedroom,Mombasa,79,58869.0,4650700.0,930100.0,798100.0,446500.0,5932400.0,6.0,25,38220.0,42500,640.0,0.899,0
KE-0595,Market-Rate,1-Bedroom,Nairobi CBD,37,101851.0,3768500.0,753700.0,904400.0,0.0,5426600.0,9.0,30,43660.0,323600,4850.0,0.135,1
KE-0596,Affordable,Studio,Nairobi CBD,18,70106.0,1261900.0,252400.0,216500.0,121100.0,1609700.0,6.0,20,11530.0,140500,2110.0,0.082,1
KE-0597,Affordable,Studio,Nairobi CBD,17,66543.0,1131200.0,226200.0,194100.0,108600.0,1442900.0,6.0,25,9300.0,60200,900.0,0.154,1
KE-0598,Social,2-Bedroom,Westlands,52,57866.0,3009000.0,601800.0,339400.0,541600.0,3408600.0,3.0,25,16160.0,11300,170.0,1.43,0
KE-0599,Social,2-Bedroom,Embakasi,56,40496.0,2267800.0,453600.0,255800.0,408200.0,2569000.0,3.0,30,10830.0,12900,190.0,0.84,0
KE-0600,Social,1-Bedroom,Nakuru,37,36436.0,1348100.0,269600.0,152100.0,242700.0,1527100.0,3.0,20,8470.0,16000,240.0,0.529,0
KE-0601,Social,Studio,Westlands,19,55602.0,1056400.0,211300.0,119200.0,190200.0,1196700.0,3.0,25,5670.0,13600,200.0,0.417,0
KE-0602,Social,1-Bedroom,Kisumu,32,44218.0,1415000.0,283000.0,159600.0,254700.0,1602900.0,3.0,20,8890.0,16400,250.0,0.542,0
KE-0603,Social,1-Bedroom,Nakuru,38,38297.0,1455300.0,291100.0,164200.0,262000.0,1648600.0,3.0,25,7820.0,17900,270.0,0.437,0
KE-0604,Social,2-Bedroom,Eastlands,52,36032.0,1873600.0,374700.0,211300.0,337200.0,2122400.0,3.0,15,14660.0,15100,230.0,0.971,0
KE-0605,Social,2-Bedroom,Mombasa,55,48547.0,2670100.0,534000.0,301200.0,480600.0,3024700.0,3.0,30,12750.0,15600,230.0,0.817,0
KE-0606,Affordable,1-Bedroom,Westlands,35,65335.0,2286700.0,457300.0,392400.0,219500.0,2916900.0,6.0,20,20900.0,111400,1670.0,0.188,1
KE-0607,Social,1-Bedroom,Kasarani,32,45915.0,1469300.0,293900.0,165700.0,264500.0,1664400.0,3.0,15,11490.0,16900,250.0,0.68,0
KE-0608,Affordable,3-Bedroom,Nakuru,82,41283.0,3385200.0,677000.0,580900.0,325000.0,4318100.0,6.0,30,25890.0,122500,1840.0,0.211,1
KE-0609,Affordable,1-Bedroom,Kisumu,36,52946.0,1906000.0,381200.0,327100.0,183000.0,2431300.0,6.0,20,17420.0,134000,2010.0,0.13,1
KE-0610,Affordable,2-Bedroom,Eastlands,52,40835.0,2123400.0,424700.0,364400.0,203800.0,2708700.0,6.0,15,22860.0,54800,820.0,0.417,0
KE-0611,Social,Studio,Embakasi,18,40040.0,720700.0,144100.0,81300.0,129700.0,816400.0,3.0,15,5640.0,13800,210.0,0.409,0
KE-0612,Affordable,1-Bedroom,Kasarani,34,49976.0,1699200.0,339800.0,291600.0,163100.0,2167500.0,6.0,30,13000.0,104000,1560.0,0.125,1
KE-0613,Affordable,Studio,Nakuru,21,42754.0,897800.0,179600.0,154100.0,86200.0,1145300.0,6.0,15,9660.0,51100,770.0,0.189,1
KE-0614,Social,2-Bedroom,Mombasa,53,50154.0,2658200.0,531600.0,299800.0,478500.0,3011100.0,3.0,15,20790.0,14400,220.0,1.444,0
KE-0615,Market-Rate,3-Bedroom,Kasarani,81,74925.0,6068900.0,1213800.0,1456500.0,0.0,8739200.0,9.0,15,88640.0,295700,4440.0,0.3,1
KE-0616,Market-Rate,1-Bedroom,Eastlands,33,65389.0,2157800.0,431600.0,517900.0,0.0,3107300.0,9.0,30,25000.0,431200,6470.0,0.058,1
KE-0617,Social,Studio,Kasarani,19,43743.0,831100.0,166200.0,93700.0,149600.0,941400.0,3.0,30,3970.0,17400,260.0,0.228,1
KE-0618,Social,Studio,Kibera,19,32782.0,622900.0,124600.0,70300.0,112100.0,705700.0,3.0,30,2980.0,14200,210.0,0.21,1
KE-0619,Market-Rate,1-Bedroom,Ruiru,35,68488.0,2397100.0,479400.0,575300.0,0.0,3451800.0,9.0,20,31060.0,380900,5710.0,0.082,1
KE-0620,Affordable,Studio,Embakasi,22,48461.0,1066100.0,213200.0,182900.0,102300.0,1359900.0,6.0,15,11480.0,49700,750.0,0.231,1
KE-0621,Social,Studio,Eastlands,18,36721.0,661000.0,132200.0,74600.0,119000.0,748800.0,3.0,25,3550.0,11600,170.0,0.306,0
KE-0622,Social,2-Bedroom,Kasarani,55,42136.0,2317500.0,463500.0,261400.0,417200.0,2625200.0,3.0,15,18130.0,19900,300.0,0.911,0
KE-0623,Affordable,1-Bedroom,Ruiru,33,47251.0,1559300.0,311900.0,267600.0,149700.0,1989100.0,6.0,15,16790.0,140600,2110.0,0.119,1
KE-0624,Affordable,1-Bedroom,Ruiru,35,45845.0,1604600.0,320900.0,275300.0,154000.0,2046800.0,6.0,30,12270.0,60300,900.0,0.203,1
KE-0625,Affordable,3-Bedroom,Kasarani,79,49298.0,3894600.0,778900.0,668300.0,373900.0,4967900.0,6.0,25,32010.0,121000,1820.0,0.265,1
KE-0626,Affordable,Studio,Mombasa,21,59056.0,1240200.0,248000.0,212800.0,119100.0,1581900.0,6.0,20,11330.0,63300,950.0,0.179,1
KE-0627,Affordable,3-Bedroom,Kibera,83,39845.0,3307100.0,661400.0,567500.0,317500.0,4218500.0,6.0,15,35600.0,47000,700.0,0.757,0
KE-0628,Affordable,1-Bedroom,Westlands,35,63062.0,2207200.0,441400.0,378700.0,211900.0,2815400.0,6.0,30,16880.0,135200,2030.0,0.125,1
KE-0629,Social,3-Bedroom,Kibera,78,32954.0,2570400.0,514100.0,289900.0,462700.0,2911700.0,3.0,25,13810.0,13200,200.0,1.046,0
KE-0630,Social,2-Bedroom,Kasarani,53,43548.0,2308000.0,461600.0,260300.0,415400.0,2614500.0,3.0,15,18060.0,11600,170.0,1.557,0
KE-0631,Affordable,2-Bedroom,Embakasi,58,49050.0,2844900.0,569000.0,488200.0,273100.0,3629000.0,6.0,25,23380.0,53900,810.0,0.434,0
KE-0632,Market-Rate,3-Bedroom,Westlands,82,92686.0,7600200.0,1520000.0,1824000.0,0.0,10944200.0,9.0,20,98470.0,440400,6610.0,0.224,1
KE-0633,Affordable,1-Bedroom,Eastlands,34,41111.0,1397800.0,279600.0,239900.0,134200.0,1783100.0,6.0,20,12770.0,140400,2110.0,0.091,1
KE-0634,Affordable,3-Bedroom,Kibera,78,37209.0,2902300.0,580500.0,498000.0,278600.0,3702200.0,6.0,15,31240.0,94800,1420.0,0.33,0
KE-0635,Social,1-Bedroom,Kasarani,32,43623.0,1395900.0,279200.0,157500.0,251300.0,1581300.0,3.0,15,10920.0,12700,190.0,0.86,0
KE-0636,Affordable,1-Bedroom,Kibera,36,39318.0,1415500.0,283100.0,242900.0,135900.0,1805600.0,6.0,25,11630.0,110300,1650.0,0.105,1
KE-0637,Affordable,1-Bedroom,Westlands,35,66842.0,2339500.0,467900.0,401500.0,224600.0,2984300.0,6.0,25,19230.0,66000,990.0,0.291,1
KE-0638,Social,2-Bedroom,Kisumu,57,47462.0,2705300.0,541100.0,305200.0,487000.0,3064600.0,3.0,20,17000.0,10500,160.0,1.619,0
KE-0639,Social,Studio,Nakuru,23,38851.0,893600.0,178700.0,100800.0,160800.0,1012300.0,3.0,30,4270.0,19000,280.0,0.225,1
KE-0640,Affordable,2-Bedroom,Kibera,56,40277.0,2255500.0,451100.0,387000.0,216500.0,2877100.0,6.0,20,20610.0,91900,1380.0,0.224,1
KE-0641,Social,2-Bedroom,Eastlands,54,38760.0,2093000.0,418600.0,236100.0,376700.0,2371000.0,3.0,20,13150.0,14600,220.0,0.901,0
KE-0642,Affordable,2-Bedroom,Eastlands,57,42402.0,2416900.0,483400.0,414700.0,232000.0,3083000.0,6.0,15,26020.0,59400,890.0,0.438,0
KE-0643,Social,2-Bedroom,Nairobi CBD,55,60902.0,3349600.0,669900.0,377800.0,602900.0,3794400.0,3.0,15,26200.0,12400,190.0,2.113,0
KE-0644,Affordable,1-Bedroom,Kibera,35,39192.0,1371700.0,274300.0,235400.0,131700.0,1749700.0,6.0,15,14760.0,144700,2170.0,0.102,1
KE-0645,Social,1-Bedroom,Nakuru,38,35936.0,1365600.0,273100.0,154000.0,245800.0,1546900.0,3.0,20,8580.0,11900,180.0,0.721,0
KE-0646,Market-Rate,1-Bedroom,Mombasa,32,84108.0,2691500.0,538300.0,646000.0,0.0,3875800.0,9.0,20,34870.0,242800,3640.0,0.144,1
KE-0647,Affordable,Studio,Ruiru,23,44858.0,1031700.0,206300.0,177000.0,99000.0,1316000.0,6.0,25,8480.0,58900,880.0,0.144,1
KE-0648,Affordable,Studio,Nakuru,19,41043.0,779800.0,156000.0,133800.0,74900.0,994700.0,6.0,20,7130.0,101000,1520.0,0.071,1
KE-0649,Affordable,1-Bedroom,Ruiru,37,44420.0,1643500.0,328700.0,282000.0,157800.0,2096400.0,6.0,30,12570.0,90200,1350.0,0.139,1
KE-0650,Affordable,1-Bedroom,Ruiru,37,43631.0,1614300.0,322900.0,277000.0,155000.0,2059200.0,6.0,20,14750.0,110200,1650.0,0.134,1
KE-0651,Social,3-Bedroom,Kisumu,78,46457.0,3623600.0,724700.0,408700.0,652200.0,4104800.0,3.0,30,17310.0,19100,290.0,0.906,0
KE-0652,Affordable,2-Bedroom,Nairobi CBD,52,66645.0,3465500.0,693100.0,594700.0,332700.0,4420600.0,6.0,15,37300.0,42800,640.0,0.871,0
KE-0653,Affordable,1-Bedroom,Nakuru,32,44824.0,1434400.0,286900.0,246100.0,137700.0,1829700.0,6.0,20,13110.0,129800,1950.0,0.101,1
KE-0654,Affordable,2-Bedroom,Nakuru,57,43170.0,2460700.0,492100.0,422300.0,236200.0,3138900.0,6.0,20,22490.0,92100,1380.0,0.244,1
KE-0655,Affordable,Studio,Kisumu,22,50724.0,1115900.0,223200.0,191500.0,107100.0,1423500.0,6.0,20,10200.0,33900,510.0,0.301,0
KE-0656,Social,1-Bedroom,Kibera,36,32122.0,1156400.0,231300.0,130400.0,208200.0,1309900.0,3.0,20,7260.0,13800,210.0,0.526,0
KE-0657,Social,2-Bedroom,Kibera,56,32922.0,1843600.0,368700.0,208000.0,331800.0,2088500.0,3.0,25,9900.0,14500,220.0,0.683,0
KE-0658,Affordable,1-Bedroom,Kibera,36,37111.0,1336000.0,267200.0,229300.0,128300.0,1704200.0,6.0,30,10220.0,103100,1550.0,0.099,1
KE-0659,Affordable,1-Bedroom,Embakasi,32,46188.0,1478000.0,295600.0,253600.0,141900.0,1885300.0,6.0,25,12150.0,101500,1520.0,0.12,1
KE-0660,Affordable,3-Bedroom,Ruiru,78,43885.0,3423000.0,684600.0,587400.0,328600.0,4366400.0,6.0,20,31280.0,60900,910.0,0.514,0
KE-0661,Affordable,3-Bedroom,Embakasi,80,49965.0,3997200.0,799400.0,685900.0,383700.0,5098800.0,6.0,15,43030.0,38300,570.0,1.123,0
KE-0662,Market-Rate,2-Bedroom,Nairobi CBD,56,104038.0,5826100.0,1165200.0,1398300.0,0.0,8389600.0,9.0,20,75480.0,473000,7100.0,0.16,1
KE-0663,Affordable,2-Bedroom,Kisumu,53,50571.0,2680300.0,536100.0,459900.0,257300.0,3419000.0,6.0,15,28850.0,36600,550.0,0.788,0
KE-0664,Social,2-Bedroom,Nakuru,58,36844.0,2136900.0,427400.0,241000.0,384600.0,2420700.0,3.0,30,10210.0,19700,300.0,0.518,0
KE-0665,Social,1-Bedroom,Ruiru,34,39661.0,1348500.0,269700.0,152100.0,242700.0,1527600.0,3.0,30,6440.0,19300,290.0,0.334,0
KE-0666,Social,1-Bedroom,Embakasi,36,40792.0,1468500.0,293700.0,165600.0,264300.0,1663500.0,3.0,30,7010.0,10600,160.0,0.661,0
KE-0667,Social,Studio,Embakasi,23,43719.0,1005500.0,201100.0,113400.0,181000.0,1139000.0,3.0,25,5400.0,10500,160.0,0.514,0
KE-0668,Social,1-Bedroom,Kasarani,35,42774.0,1497100.0,299400.0,168900.0,269500.0,1695900.0,3.0,30,7150.0,13400,200.0,0.534,0
KE-0669,Social,2-Bedroom,Embakasi,54,41114.0,2220100.0,444000.0,250400.0,399600.0,2514900.0,3.0,15,17370.0,17000,260.0,1.022,0
KE-0670,Social,1-Bedroom,Mombasa,34,49862.0,1695300.0,339100.0,191200.0,305200.0,1920400.0,3.0,30,8100.0,18500,280.0,0.438,0
KE-0671,Social,3-Bedroom,Nakuru,80,38523.0,3081800.0,616400.0,347600.0,554700.0,3491100.0,3.0,20,19360.0,19200,290.0,1.008,0
KE-0672,Market-Rate,3-Bedroom,Mombasa,81,84761.0,6865600.0,1373100.0,1647700.0,0.0,9886400.0,9.0,30,79550.0,361400,5420.0,0.22,1
KE-0673,Social,2-Bedroom,Nakuru,52,38921.0,2023900.0,404800.0,228300.0,364300.0,2292700.0,3.0,15,15830.0,16900,250.0,0.937,0
KE-0674,Affordable,2-Bedroom,Kisumu,55,53568.0,2946300.0,589300.0,505600.0,282800.0,3758400.0,6.0,25,24220.0,69600,1040.0,0.348,0
KE-0675,Affordable,3-Bedroom,Nakuru,80,43403.0,3472300.0,694500.0,595900.0,333300.0,4429400.0,6.0,25,28540.0,78600,1180.0,0.363,0
KE-0676,Market-Rate,Studio,Mombasa,20,85340.0,1706800.0,341400.0,409600.0,0.0,2457800.0,9.0,15,24930.0,426500,6400.0,0.058,1
KE-0677,Social,2-Bedroom,Nakuru,54,36060.0,1947300.0,389500.0,219700.0,350500.0,2206000.0,3.0,15,15230.0,15500,230.0,0.983,0
KE-0678,Affordable,Studio,Kisumu,18,55206.0,993700.0,198700.0,170500.0,95400.0,1267500.0,6.0,25,8170.0,103000,1540.0,0.079,1
KE-0679,Market-Rate,2-Bedroom,Kisumu,58,78030.0,4525800.0,905200.0,1086200.0,0.0,6517200.0,9.0,30,52440.0,189900,2850.0,0.276,1
KE-0680,Market-Rate,1-Bedroom,Nairobi CBD,32,97565.0,3122100.0,624400.0,749300.0,0.0,4495800.0,9.0,25,37730.0,175300,2630.0,0.215,1
KE-0681,Market-Rate,3-Bedroom,Nakuru,81,67702.0,5483800.0,1096800.0,1316100.0,0.0,7896700.0,9.0,25,66270.0,263800,3960.0,0.251,1
KE-0682,Social,3-Bedroom,Kasarani,81,45552.0,3689700.0,737900.0,416200.0,664100.0,4179700.0,3.0,25,19820.0,14900,220.0,1.33,0
KE-0683,Social,Studio,Kibera,23,34004.0,782100.0,156400.0,88200.0,140800.0,885900.0,3.0,20,4910.0,13800,210.0,0.356,0
KE-0684,Affordable,1-Bedroom,Eastlands,33,42148.0,1390900.0,278200.0,238700.0,133500.0,1774300.0,6.0,25,11430.0,130100,1950.0,0.088,1
KE-0685,Market-Rate,3-Bedroom,Kisumu,80,80218.0,6417500.0,1283500.0,1540200.0,0.0,9241200.0,9.0,15,93730.0,257000,3860.0,0.365,0
KE-0686,Affordable,1-Bedroom,Westlands,32,67639.0,2164400.0,432900.0,371400.0,207800.0,2760900.0,6.0,25,17790.0,81100,1220.0,0.219,1
KE-0687,Affordable,3-Bedroom,Kibera,81,39888.0,3230900.0,646200.0,554400.0,310200.0,4121300.0,6.0,25,26550.0,46700,700.0,0.569,0
KE-0688,Social,2-Bedroom,Ruiru,58,41130.0,2385500.0,477100.0,269100.0,429400.0,2702300.0,3.0,15,18660.0,10600,160.0,1.76,0
KE-0689,Affordable,1-Bedroom,Nakuru,37,43467.0,1608300.0,321700.0,276000.0,154400.0,2051600.0,6.0,30,12300.0,103100,1550.0,0.119,1
KE-0690,Social,1-Bedroom,Mombasa,38,52549.0,1996800.0,399400.0,225200.0,359400.0,2262000.0,3.0,25,10730.0,13100,200.0,0.819,0
KE-0691,Affordable,1-Bedroom,Eastlands,36,43612.0,1570000.0,314000.0,269400.0,150700.0,2002700.0,6.0,30,12010.0,143500,2150.0,0.084,1
KE-0692,Affordable,2-Bedroom,Westlands,55,65137.0,3582500.0,716500.0,614800.0,343900.0,4569900.0,6.0,15,38560.0,92600,1390.0,0.416,0
KE-0693,Affordable,1-Bedroom,Kibera,37,38116.0,1410300.0,282100.0,242000.0,135400.0,1799000.0,6.0,25,11590.0,131800,1980.0,0.088,1
KE-0694,Social,2-Bedroom,Nakuru,53,37044.0,1963300.0,392700.0,221500.0,353400.0,2224100.0,3.0,30,9380.0,14200,210.0,0.661,0
KE-0695,Social,1-Bedroom,Nairobi CBD,32,59953.0,1918500.0,383700.0,216400.0,345300.0,2173300.0,3.0,30,9160.0,10700,160.0,0.856,0
KE-0696,Affordable,2-Bedroom,Ruiru,53,44251.0,2345300.0,469100.0,402500.0,225200.0,2991700.0,6.0,25,19280.0,89100,1340.0,0.216,1
KE-0697,Social,3-Bedroom,Eastlands,78,38072.0,2969600.0,593900.0,335000.0,534500.0,3364000.0,3.0,25,15950.0,18300,270.0,0.872,0
KE-0698,Affordable,3-Bedroom,Kasarani,83,48434.0,4020000.0,804000.0,689800.0,385900.0,5127900.0,6.0,15,43270.0,92900,1390.0,0.466,0
KE-0699,Social,1-Bedroom,Nairobi CBD,32,57876.0,1852000.0,370400.0,208900.0,333400.0,2097900.0,3.0,30,8840.0,17400,260.0,0.508,0
KE-0700,Affordable,2-Bedroom,Westlands,52,61724.0,3209700.0,641900.0,550800.0,308100.0,4094300.0,6.0,20,29330.0,79800,1200.0,0.368,0
KE-0701,Affordable,2-Bedroom,Eastlands,56,41463.0,2321900.0,464400.0,398400.0,222900.0,2961800.0,6.0,15,24990.0,87700,1320.0,0.285,1
KE-0702,Social,2-Bedroom,Nairobi CBD,56,59446.0,3329000.0,665800.0,375500.0,599200.0,3771100.0,3.0,15,26040.0,14500,220.0,1.796,0
KE-0703,Affordable,3-Bedroom,Ruiru,77,45084.0,3471500.0,694300.0,595700.0,333300.0,4428200.0,6.0,30,26550.0,81900,1230.0,0.324,0
KE-0704,Social,1-Bedroom,Kasarani,37,42544.0,1574100.0,314800.0,177600.0,283300.0,1783200.0,3.0,15,12310.0,14700,220.0,0.837,0
KE-0705,Social,Studio,Nairobi CBD,19,57222.0,1087200.0,217400.0,122600.0,195700.0,1231500.0,3.0,20,6830.0,14900,220.0,0.458,0
KE-0706,Market-Rate,3-Bedroom,Embakasi,81,71260.0,5772100.0,1154400.0,1385300.0,0.0,8311800.0,9.0,20,74780.0,438800,6580.0,0.17,1
KE-0707,Affordable,1-Bedroom,Kasarani,34,51974.0,1767100.0,353400.0,303200.0,169600.0,2254100.0,6.0,15,19020.0,39300,590.0,0.484,0
KE-0708,Market-Rate,2-Bedroom,Westlands,58,93424.0,5418600.0,1083700.0,1300500.0,0.0,7802800.0,9.0,20,70200.0,201600,3020.0,0.348,0
KE-0709,Social,3-Bedroom,Ruiru,82,38726.0,3175500.0,635100.0,358200.0,571600.0,3597200.0,3.0,15,24840.0,11700,180.0,2.123,0
KE-0710,Affordable,Studio,Nakuru,17,43402.0,737800.0,147600.0,126600.0,70800.0,941200.0,6.0,15,7940.0,98500,1480.0,0.081,1
KE-0711,Affordable,3-Bedroom,Mombasa,82,57911.0,4748700.0,949700.0,814900.0,455900.0,6057400.0,6.0,15,51120.0,77200,1160.0,0.662,0
KE-0712,Affordable,1-Bedroom,Mombasa,36,55846.0,2010500.0,402100.0,345000.0,193000.0,2564600.0,6.0,30,15380.0,20500,310.0,0.75,0
KE-0713,Affordable,2-Bedroom,Mombasa,53,59999.0,3179900.0,636000.0,545700.0,305300.0,4056300.0,6.0,15,34230.0,98900,1480.0,0.346,0
KE-0714,Affordable,2-Bedroom,Eastlands,58,41700.0,2418600.0,483700.0,415000.0,232200.0,3085100.0,6.0,15,26030.0,138200,2070.0,0.188,1
KE-0715,Affordable,3-Bedroom,Westlands,77,63756.0,4909200.0,981800.0,842400.0,471300.0,6262100.0,6.0,25,40350.0,43900,660.0,0.919,0
KE-0716,Market-Rate,Studio,Ruiru,20,70027.0,1400500.0,280100.0,336100.0,0.0,2016700.0,9.0,25,16920.0,223600,3350.0,0.076,1
KE-0717,Market-Rate,1-Bedroom,Kasarani,38,78480.0,2982200.0,596400.0,715700.0,0.0,4294300.0,9.0,15,43560.0,344800,5170.0,0.126,1
KE-0718,Market-Rate,2-Bedroom,Eastlands,54,61821.0,3338300.0,667700.0,801200.0,0.0,4807200.0,9.0,30,38680.0,452900,6790.0,0.085,1
KE-0719,Social,2-Bedroom,Westlands,57,55152.0,3143700.0,628700.0,354600.0,565900.0,3561100.0,3.0,20,19750.0,14600,220.0,1.353,0
KE-0720,Affordable,2-Bedroom,Nakuru,52,45011.0,2340600.0,468100.0,401600.0,224700.0,2985600.0,6.0,20,21390.0,33000,500.0,0.648,0
KE-0721,Market-Rate,Studio,Embakasi,23,70863.0,1629900.0,326000.0,391200.0,0.0,2347100.0,9.0,15,23810.0,162400,2440.0,0.147,1
KE-0722,Social,1-Bedroom,Ruiru,37,39680.0,1468200.0,293600.0,165600.0,264300.0,1663100.0,3.0,25,7890.0,11700,180.0,0.674,0
KE-0723,Social,1-Bedroom,Mombasa,32,49652.0,1588900.0,317800.0,179200.0,286000.0,1799900.0,3.0,15,12430.0,10800,160.0,1.151,0
KE-0724,Affordable,2-Bedroom,Nairobi CBD,56,65851.0,3687600.0,737500.0,632800.0,354000.0,4703900.0,6.0,15,39690.0,67700,1020.0,0.586,0
KE-0725,Affordable,1-Bedroom,Ruiru,38,44744.0,1700300.0,340100.0,291800.0,163200.0,2169000.0,6.0,25,13970.0,78000,1170.0,0.179,1
KE-0726,Market-Rate,1-Bedroom,Kisumu,36,81547.0,2935700.0,587100.0,704600.0,0.0,4227400.0,9.0,25,35480.0,371800,5580.0,0.095,1
KE-0727,Social,3-Bedroom,Westlands,83,59454.0,4934700.0,986900.0,556600.0,888200.0,5590000.0,3.0,15,38600.0,17000,260.0,2.271,0
KE-0728,Affordable,Studio,Kibera,21,38789.0,814600.0,162900.0,139800.0,78200.0,1039100.0,6.0,20,7440.0,94800,1420.0,0.078,1
KE-0729,Social,3-Bedroom,Nakuru,82,37969.0,3113400.0,622700.0,351200.0,560400.0,3526900.0,3.0,20,19560.0,11200,170.0,1.746,0
KE-0730,Social,2-Bedroom,Embakasi,55,41559.0,2285800.0,457200.0,257800.0,411400.0,2589400.0,3.0,15,17880.0,16700,250.0,1.071,0
KE-0731,Social,2-Bedroom,Nakuru,58,37429.0,2170900.0,434200.0,244900.0,390800.0,2459200.0,3.0,30,10370.0,12500,190.0,0.83,0
KE-0732,Market-Rate,1-Bedroom,Ruiru,38,68060.0,2586300.0,517300.0,620700.0,0.0,3724300.0,9.0,25,31250.0,415400,6230.0,0.075,1
KE-0733,Affordable,Studio,Kibera,21,37851.0,794900.0,159000.0,136400.0,76300.0,1014000.0,6.0,30,6080.0,58800,880.0,0.103,1
KE-0734,Affordable,2-Bedroom,Kisumu,52,51144.0,2659500.0,531900.0,456400.0,255300.0,3392500.0,6.0,20,24300.0,64300,960.0,0.378,0
KE-0735,Affordable,2-Bedroom,Kasarani,58,50630.0,2936600.0,587300.0,503900.0,281900.0,3745900.0,6.0,20,26840.0,122500,1840.0,0.219,1
KE-0736,Market-Rate,2-Bedroom,Nairobi CBD,56,98702.0,5527300.0,1105500.0,1326600.0,0.0,7959400.0,9.0,15,80730.0,465900,6990.0,0.173,1
KE-0737,Affordable,Studio,Kibera,18,38333.0,690000.0,138000.0,118400.0,66200.0,880200.0,6.0,25,5670.0,140400,2110.0,0.04,1
KE-0738,Market-Rate,2-Bedroom,Westlands,56,101742.0,5697500.0,1139500.0,1367400.0,0.0,8204400.0,9.0,20,73820.0,309500,4640.0,0.239,1
KE-0739,Affordable,2-Bedroom,Mombasa,57,60233.0,3433300.0,686700.0,589200.0,329600.0,4379600.0,6.0,30,26260.0,69500,1040.0,0.378,0
KE-0740,Affordable,2-Bedroom,Kisumu,55,52669.0,2896800.0,579400.0,497100.0,278100.0,3695200.0,6.0,20,26470.0,45700,690.0,0.579,0
KE-0741,Affordable,2-Bedroom,Nairobi CBD,53,67368.0,3570500.0,714100.0,612700.0,342800.0,4554500.0,6.0,20,32630.0,35100,530.0,0.93,0
KE-0742,Affordable,2-Bedroom,Embakasi,57,46810.0,2668200.0,533600.0,457900.0,256100.0,3403600.0,6.0,30,20410.0,63600,950.0,0.321,0
KE-0743,Affordable,2-Bedroom,Mombasa,57,55431.0,3159600.0,631900.0,542200.0,303300.0,4030400.0,6.0,30,24160.0,92600,1390.0,0.261,1
KE-0744,Affordable,Studio,Ruiru,22,43324.0,953100.0,190600.0,163500.0,91500.0,1215700.0,6.0,20,8710.0,103500,1550.0,0.084,1
KE-0745,Social,1-Bedroom,Kibera,32,35204.0,1126500.0,225300.0,127100.0,202800.0,1276100.0,3.0,15,8810.0,19300,290.0,0.456,0
KE-0746,Market-Rate,Studio,Nairobi CBD,22,102446.0,2253800.0,450800.0,540900.0,0.0,3245500.0,9.0,30,26110.0,418600,6280.0,0.062,1
KE-0747,Affordable,1-Bedroom,Eastlands,32,43246.0,1383900.0,276800.0,237500.0,132900.0,1765300.0,6.0,25,11370.0,21300,320.0,0.534,0
KE-0748,Affordable,1-Bedroom,Kasarani,37,52611.0,1946600.0,389300.0,334000.0,186900.0,2483000.0,6.0,30,14890.0,115400,1730.0,0.129,1
KE-0749,Market-Rate,Studio,Kasarani,19,77119.0,1465300.0,293100.0,351700.0,0.0,2110100.0,9.0,20,18990.0,444500,6670.0,0.043,1
KE-0750,Affordable,1-Bedroom,Kisumu,33,53188.0,1755200.0,351000.0,301200.0,168500.0,2238900.0,6.0,30,13420.0,137400,2060.0,0.098,1
KE-0751,Social,Studio,Embakasi,19,42624.0,809800.0,162000.0,91300.0,145800.0,917300.0,3.0,15,6330.0,15300,230.0,0.414,0
KE-0752,Market-Rate,2-Bedroom,Kisumu,57,82347.0,4693800.0,938800.0,1126500.0,0.0,6759100.0,9.0,30,54390.0,153100,2300.0,0.355,0
KE-0753,Affordable,3-Bedroom,Eastlands,78,43685.0,3407400.0,681500.0,584700.0,327100.0,4346500.0,6.0,20,31140.0,140100,2100.0,0.222,1
KE-0754,Affordable,Studio,Westlands,18,63671.0,1146100.0,229200.0,196700.0,110000.0,1462000.0,6.0,25,9420.0,126500,1900.0,0.074,1
KE-0755,Social,3-Bedroom,Embakasi,83,42233.0,3505300.0,701100.0,395400.0,631000.0,3970800.0,3.0,30,16740.0,11800,180.0,1.419,0
KE-0756,Affordable,2-Bedroom,Nakuru,55,44797.0,2463800.0,492800.0,422800.0,236500.0,3142900.0,6.0,15,26520.0,149600,2240.0,0.177,1
KE-0757,Affordable,1-Bedroom,Westlands,34,66594.0,2264200.0,452800.0,388500.0,217400.0,2888100.0,6.0,15,24370.0,77800,1170.0,0.313,0
KE-0758,Affordable,Studio,Embakasi,20,46473.0,929500.0,185900.0,159500.0,89200.0,1185700.0,6.0,25,7640.0,98000,1470.0,0.078,1
KE-0759,Market-Rate,2-Bedroom,Embakasi,53,69592.0,3688400.0,737700.0,885200.0,0.0,5311300.0,9.0,15,53870.0,412700,6190.0,0.131,1
KE-0760,Affordable,2-Bedroom,Eastlands,52,42389.0,2204200.0,440800.0,378200.0,211600.0,2811600.0,6.0,25,18120.0,56100,840.0,0.323,0
KE-0761,Social,2-Bedroom,Ruiru,53,38689.0,2050500.0,410100.0,231300.0,369100.0,2322800.0,3.0,30,9790.0,14500,220.0,0.675,0
KE-0762,Affordable,Studio,Eastlands,20,41488.0,829800.0,166000.0,142400.0,79700.0,1058500.0,6.0,20,7580.0,113400,1700.0,0.067,1
KE-0763,Social,Studio,Embakasi,19,43503.0,826600.0,165300.0,93200.0,148800.0,936300.0,3.0,15,6470.0,10500,160.0,0.616,0
KE-0764,Affordable,1-Bedroom,Nairobi CBD,37,66766.0,2470300.0,494100.0,423900.0,237200.0,3151100.0,6.0,25,20300.0,130100,1950.0,0.156,1
KE-0765,Social,1-Bedroom,Westlands,38,57943.0,2201800.0,440400.0,248400.0,396300.0,2494300.0,3.0,20,13830.0,13700,210.0,1.009,0
KE-0766,Affordable,1-Bedroom,Eastlands,38,42357.0,1609500.0,321900.0,276200.0,154500.0,2053100.0,6.0,20,14710.0,121600,1820.0,0.121,1
KE-0767,Affordable,1-Bedroom,Ruiru,38,43561.0,1655300.0,331100.0,284100.0,158900.0,2111600.0,6.0,15,17820.0,65700,990.0,0.271,1
KE-0768,Market-Rate,2-Bedroom,Kibera,57,55419.0,3158900.0,631800.0,758100.0,0.0,4548800.0,9.0,25,38170.0,325000,4880.0,0.117,1
KE-0769,Affordable,3-Bedroom,Kisumu,83,52971.0,4396600.0,879300.0,754500.0,422100.0,5608300.0,6.0,25,36130.0,125200,1880.0,0.289,1
KE-0770,Market-Rate,1-Bedroom,Embakasi,34,72724.0,2472600.0,494500.0,593400.0,0.0,3560500.0,9.0,20,32030.0,273700,4110.0,0.117,1
KE-0771,Social,3-Bedroom,Nakuru,82,38601.0,3165200.0,633000.0,357000.0,569700.0,3585500.0,3.0,30,15120.0,17300,260.0,0.874,0
KE-0772,Market-Rate,1-Bedroom,Kibera,38,58076.0,2206900.0,441400.0,529700.0,0.0,3178000.0,9.0,15,32230.0,480800,7210.0,0.067,1
KE-0773,Social,1-Bedroom,Kasarani,37,45075.0,1667800.0,333600.0,188100.0,300200.0,1889300.0,3.0,30,7970.0,10800,160.0,0.738,0
KE-0774,Affordable,1-Bedroom,Mombasa,35,56612.0,1981400.0,396300.0,340000.0,190200.0,2527500.0,6.0,25,16280.0,146200,2190.0,0.111,1
KE-0775,Affordable,2-Bedroom,Ruiru,54,43433.0,2345400.0,469100.0,402500.0,225200.0,2991800.0,6.0,15,25250.0,59600,890.0,0.424,0
KE-0776,Social,3-Bedroom,Nakuru,81,37452.0,3033600.0,606700.0,342200.0,546000.0,3436500.0,3.0,30,14490.0,11700,180.0,1.238,0
KE-0777,Social,2-Bedroom,Mombasa,52,50497.0,2625900.0,525200.0,296200.0,472700.0,2974600.0,3.0,15,20540.0,11500,170.0,1.786,0
KE-0778,Affordable,1-Bedroom,Ruiru,38,46992.0,1785700.0,357100.0,306400.0,171400.0,2277800.0,6.0,30,13660.0,90700,1360.0,0.151,1
KE-0779,Affordable,2-Bedroom,Nairobi CBD,52,64411.0,3349400.0,669900.0,574800.0,321500.0,4272600.0,6.0,15,36050.0,139200,2090.0,0.259,1
KE-0780,Affordable,Studio,Kisumu,22,53636.0,1180000.0,236000.0,202500.0,113300.0,1505200.0,6.0,20,10780.0,33700,510.0,0.32,0
KE-0781,Affordable,3-Bedroom,Kibera,77,37543.0,2890800.0,578200.0,496100.0,277500.0,3687600.0,6.0,30,22110.0,40100,600.0,0.551,0
KE-0782,Affordable,2-Bedroom,Westlands,54,63809.0,3445700.0,689100.0,591300.0,330800.0,4395300.0,6.0,30,26350.0,47300,710.0,0.557,0
KE-0783,Social,1-Bedroom,Ruiru,34,41586.0,1413900.0,282800.0,159500.0,254500.0,1601700.0,3.0,20,8880.0,15400,230.0,0.577,0
KE-0784,Affordable,2-Bedroom,Westlands,53,67149.0,3558900.0,711800.0,610700.0,341700.0,4539700.0,6.0,30,27220.0,97900,1470.0,0.278,1
KE-0785,Social,2-Bedroom,Kisumu,58,47827.0,2774000.0,554800.0,312900.0,499300.0,3142400.0,3.0,20,17430.0,19700,300.0,0.885,0
KE-0786,Market-Rate,Studio,Embakasi,18,68758.0,1237600.0,247500.0,297000.0,0.0,1782100.0,9.0,20,16030.0,420600,6310.0,0.038,1
KE-0787,Affordable,2-Bedroom,Kasarani,52,50324.0,2616900.0,523400.0,449100.0,251200.0,3338200.0,6.0,30,20010.0,83800,1260.0,0.239,1
KE-0788,Affordable,1-Bedroom,Kibera,36,40214.0,1447700.0,289500.0,248400.0,139000.0,1846600.0,6.0,20,13230.0,41800,630.0,0.317,0
KE-0789,Affordable,2-Bedroom,Kisumu,53,53403.0,2830400.0,566100.0,485700.0,271700.0,3610500.0,6.0,25,23260.0,50100,750.0,0.464,0
KE-0790,Market-Rate,2-Bedroom,Kisumu,53,79069.0,4190700.0,838100.0,1005800.0,0.0,6034600.0,9.0,20,54290.0,460700,6910.0,0.118,1
KE-0791,Social,2-Bedroom,Nairobi CBD,54,56300.0,3040200.0,608000.0,342900.0,547200.0,3443900.0,3.0,30,14520.0,14900,220.0,0.974,0
KE-0792,Affordable,2-Bedroom,Mombasa,56,59544.0,3334500.0,666900.0,572200.0,320100.0,4253500.0,6.0,20,30470.0,75100,1130.0,0.406,0
KE-0793,Affordable,2-Bedroom,Kasarani,57,48863.0,2785200.0,557000.0,477900.0,267400.0,3552700.0,6.0,15,29980.0,143000,2140.0,0.21,1
KE-0794,Affordable,Studio,Kibera,17,39432.0,670300.0,134100.0,115000.0,64400.0,855000.0,6.0,20,6130.0,133200,2000.0,0.046,1
KE-0795,Social,2-Bedroom,Embakasi,53,42323.0,2243100.0,448600.0,253000.0,403800.0,2540900.0,3.0,25,12050.0,14900,220.0,0.809,0
KE-0796,Market-Rate,1-Bedroom,Embakasi,36,68663.0,2471900.0,494400.0,593300.0,0.0,3559600.0,9.0,30,28640.0,191100,2870.0,0.15,1
KE-0797,Market-Rate,1-Bedroom,Eastlands,38,65477.0,2488100.0,497600.0,597100.0,0.0,3582800.0,9.0,25,30070.0,375800,5640.0,0.08,1
KE-0798,Affordable,1-Bedroom,Kisumu,36,50398.0,1814300.0,362900.0,311300.0,174200.0,2314300.0,6.0,15,19530.0,33500,500.0,0.583,0
KE-0799,Affordable,Studio,Ruiru,17,47169.0,801900.0,160400.0,137600.0,77000.0,1022900.0,6.0,25,6590.0,98400,1480.0,0.067,1
KE-0800,Market-Rate,2-Bedroom,Nairobi CBD,56,100011.0,5600600.0,1120100.0,1344100.0,0.0,8064800.0,9.0,30,64890.0,173800,2610.0,0.373,0
KE-0801,Affordable,Studio,Kasarani,21,50143.0,1053000.0,210600.0,180700.0,101100.0,1343200.0,6.0,15,11330.0,49600,740.0,0.228,1
KE-0802,Social,2-Bedroom,Embakasi,56,42298.0,2368700.0,473700.0,267200.0,426400.0,2683200.0,3.0,30,11310.0,17900,270.0,0.632,0
KE-0803,Affordable,1-Bedroom,Kibera,38,38850.0,1476300.0,295300.0,253300.0,141700.0,1883200.0,6.0,30,11290.0,70700,1060.0,0.16,1
KE-0804,Affordable,Studio,Eastlands,18,41105.0,739900.0,148000.0,127000.0,71000.0,943900.0,6.0,30,5660.0,44900,670.0,0.126,1
KE-0805,Affordable,2-Bedroom,Kibera,52,40294.0,2095300.0,419100.0,359600.0,201200.0,2672800.0,6.0,20,19150.0,134900,2020.0,0.142,1
KE-0806,Affordable,Studio,Nairobi CBD,23,67634.0,1555600.0,311100.0,266900.0,149300.0,1984300.0,6.0,25,12780.0,131800,1980.0,0.097,1
KE-0807,Market-Rate,1-Bedroom,Ruiru,36,66927.0,2409400.0,481900.0,578300.0,0.0,3469600.0,9.0,20,31220.0,362800,5440.0,0.086,1
KE-0808,Market-Rate,2-Bedroom,Eastlands,56,64189.0,3594600.0,718900.0,862700.0,0.0,5176200.0,9.0,25,43440.0,171300,2570.0,0.254,1
KE-0809,Affordable,Studio,Eastlands,18,40979.0,737600.0,147500.0,126600.0,70800.0,940900.0,6.0,20,6740.0,66300,990.0,0.102,1
KE-0810,Social,2-Bedroom,Mombasa,52,48736.0,2534300.0,506900.0,285900.0,456200.0,2870900.0,3.0,20,15920.0,14900,220.0,1.068,0
KE-0811,Market-Rate,Studio,Kasarani,19,72245.0,1372700.0,274500.0,329400.0,0.0,1976600.0,9.0,20,17780.0,315800,4740.0,0.056,1
KE-0812,Market-Rate,1-Bedroom,Eastlands,38,65976.0,2507100.0,501400.0,601700.0,0.0,3610200.0,9.0,20,32480.0,199200,2990.0,0.163,1
KE-0813,Social,2-Bedroom,Mombasa,53,50634.0,2683600.0,536700.0,302700.0,483000.0,3040000.0,3.0,15,20990.0,19600,290.0,1.071,0
KE-0814,Market-Rate,1-Bedroom,Mombasa,32,83984.0,2687500.0,537500.0,645000.0,0.0,3870000.0,9.0,25,32480.0,349300,5240.0,0.093,1
KE-0815,Market-Rate,Studio,Nairobi CBD,23,96792.0,2226200.0,445200.0,534300.0,0.0,3205700.0,9.0,30,25790.0,415500,6230.0,0.062,1
KE-0816,Affordable,1-Bedroom,Westlands,36,67432.0,2427600.0,485500.0,416600.0,233000.0,3096700.0,6.0,30,18570.0,135800,2040.0,0.137,1
KE-0817,Affordable,1-Bedroom,Kibera,32,38526.0,1232800.0,246600.0,211600.0,118400.0,1572600.0,6.0,20,11270.0,67600,1010.0,0.167,1
KE-0818,Affordable,2-Bedroom,Ruiru,52,46489.0,2417400.0,483500.0,414800.0,232100.0,3083600.0,6.0,15,26020.0,116900,1750.0,0.223,1
KE-0819,Social,1-Bedroom,Nakuru,37,37400.0,1383800.0,276800.0,156100.0,249100.0,1567600.0,3.0,30,6610.0,13200,200.0,0.501,0
KE-0820,Affordable,2-Bedroom,Kibera,52,36964.0,1922100.0,384400.0,329800.0,184500.0,2451800.0,6.0,20,17570.0,131500,1970.0,0.134,1
KE-0821,Market-Rate,3-Bedroom,Eastlands,79,65048.0,5138800.0,1027800.0,1233300.0,0.0,7399900.0,9.0,25,62100.0,341000,5120.0,0.182,1
KE-0822,Social,1-Bedroom,Ruiru,32,41416.0,1325300.0,265100.0,149500.0,238600.0,1501300.0,3.0,25,7120.0,15600,230.0,0.456,0
KE-0823,Affordable,3-Bedroom,Embakasi,79,49916.0,3943400.0,788700.0,676700.0,378600.0,5030200.0,6.0,15,42450.0,22900,340.0,1.854,0
KE-0824,Affordable,1-Bedroom,Westlands,36,62411.0,2246800.0,449400.0,385600.0,215700.0,2866100.0,6.0,25,18470.0,148200,2220.0,0.125,1
KE-0825,Affordable,3-Bedroom,Embakasi,79,46569.0,3678900.0,735800.0,631300.0,353200.0,4692800.0,6.0,25,30240.0,75900,1140.0,0.398,0
KE-0826,Market-Rate,Studio,Embakasi,23,73875.0,1699100.0,339800.0,407800.0,0.0,2446700.0,9.0,25,20530.0,179100,2690.0,0.115,1
KE-0827,Affordable,2-Bedroom,Kasarani,56,49397.0,2766200.0,553200.0,474700.0,265600.0,3528500.0,6.0,30,21160.0,122100,1830.0,0.173,1
KE-0828,Affordable,1-Bedroom,Kibera,36,39385.0,1417900.0,283600.0,243300.0,136100.0,1808700.0,6.0,30,10840.0,47200,710.0,0.23,1
KE-0829,Affordable,1-Bedroom,Nakuru,34,42015.0,1428500.0,285700.0,245100.0,137100.0,1822200.0,6.0,15,15380.0,81500,1220.0,0.189,1
KE-0830,Affordable,2-Bedroom,Nairobi CBD,53,64111.0,3397900.0,679600.0,583100.0,326200.0,4334400.0,6.0,15,36580.0,144100,2160.0,0.254,1
KE-0831,Social,2-Bedroom,Nakuru,55,37681.0,2072500.0,414500.0,233800.0,373000.0,2347800.0,3.0,15,16210.0,16400,250.0,0.988,0
KE-0832,Affordable,Studio,Embakasi,17,50326.0,855500.0,171100.0,146800.0,82100.0,1091300.0,6.0,15,9210.0,112100,1680.0,0.082,1
KE-0833,Social,Studio,Eastlands,22,35594.0,783100.0,156600.0,88300.0,141000.0,887000.0,3.0,20,4920.0,17300,260.0,0.284,1
KE-0834,Social,2-Bedroom,Westlands,55,58226.0,3202400.0,640500.0,361200.0,576400.0,3627700.0,3.0,30,15290.0,14700,220.0,1.04,0
KE-0835,Affordable,2-Bedroom,Kisumu,52,54429.0,2830300.0,566100.0,485700.0,271700.0,3610400.0,6.0,15,30470.0,33200,500.0,0.918,0
KE-0836,Affordable,3-Bedroom,Nakuru,77,41078.0,3163000.0,632600.0,542800.0,303600.0,4034800.0,6.0,15,34050.0,115800,1740.0,0.294,1
KE-0837,Market-Rate,2-Bedroom,Embakasi,56,70573.0,3952100.0,790400.0,948500.0,0.0,5691000.0,9.0,30,45790.0,336700,5050.0,0.136,1
KE-0838,Affordable,3-Bedroom,Westlands,77,64835.0,4992300.0,998500.0,856700.0,479300.0,6368200.0,6.0,20,45620.0,89400,1340.0,0.51,0
KE-0839,Affordable,2-Bedroom,Ruiru,57,46214.0,2634200.0,526800.0,452000.0,252900.0,3360100.0,6.0,30,20150.0,24400,370.0,0.826,0
KE-0840,Affordable,1-Bedroom,Kibera,32,36944.0,1182200.0,236400.0,202900.0,113500.0,1508000.0,6.0,20,10800.0,47100,710.0,0.229,1
KE-0841,Social,Studio,Mombasa,19,48822.0,927600.0,185500.0,104600.0,167000.0,1050700.0,3.0,15,7260.0,12700,190.0,0.572,0
KE-0842,Affordable,2-Bedroom,Kasarani,55,51290.0,2821000.0,564200.0,484100.0,270800.0,3598500.0,6.0,25,23190.0,22600,340.0,1.026,0
KE-0843,Social,2-Bedroom,Westlands,54,59184.0,3196000.0,639200.0,360500.0,575300.0,3620400.0,3.0,15,25000.0,12900,190.0,1.938,0
KE-0844,Market-Rate,Studio,Eastlands,22,62297.0,1370500.0,274100.0,328900.0,0.0,1973500.0,9.0,15,20020.0,161800,2430.0,0.124,1
KE-0845,Social,1-Bedroom,Eastlands,32,37941.0,1214100.0,242800.0,136900.0,218500.0,1375300.0,3.0,25,6520.0,19000,280.0,0.343,0
KE-0846,Affordable,3-Bedroom,Westlands,83,62887.0,5219600.0,1043900.0,895700.0,501100.0,6658100.0,6.0,25,42900.0,124800,1870.0,0.344,0
KE-0847,Social,2-Bedroom,Eastlands,57,37842.0,2157000.0,431400.0,243300.0,388300.0,2443400.0,3.0,15,16870.0,15900,240.0,1.061,0
KE-0848,Market-Rate,1-Bedroom,Kibera,36,56950.0,2050200.0,410000.0,492000.0,0.0,2952200.0,9.0,20,26560.0,367400,5510.0,0.072,1
KE-0849,Affordable,1-Bedroom,Eastlands,34,41414.0,1408100.0,281600.0,241600.0,135200.0,1796100.0,6.0,25,11570.0,46600,700.0,0.248,1
KE-0850,Affordable,1-Bedroom,Nakuru,34,43817.0,1489800.0,298000.0,255700.0,143000.0,1900500.0,6.0,30,11390.0,126500,1900.0,0.09,1
KE-0851,Social,1-Bedroom,Mombasa,33,52802.0,1742500.0,348500.0,196600.0,313600.0,1974000.0,3.0,20,10950.0,13000,200.0,0.842,0
KE-0852,Affordable,1-Bedroom,Eastlands,32,43515.0,1392500.0,278500.0,239000.0,133700.0,1776300.0,6.0,15,14990.0,113100,1700.0,0.133,1
KE-0853,Social,Studio,Mombasa,21,52262.0,1097500.0,219500.0,123800.0,197600.0,1243200.0,3.0,25,5900.0,14800,220.0,0.399,0
KE-0854,Market-Rate,2-Bedroom,Embakasi,58,75223.0,4363000.0,872600.0,1047100.0,0.0,6282700.0,9.0,15,63720.0,243200,3650.0,0.262,1
KE-0855,Social,1-Bedroom,Nairobi CBD,34,57778.0,1964500.0,392900.0,221600.0,353600.0,2225400.0,3.0,20,12340.0,14200,210.0,0.869,0
KE-0856,Social,2-Bedroom,Kibera,54,33243.0,1795100.0,359000.0,202500.0,323100.0,2033500.0,3.0,15,14040.0,17400,260.0,0.807,0
KE-0857,Social,3-Bedroom,Nairobi CBD,81,57286.0,4640200.0,928000.0,523400.0,835200.0,5256400.0,3.0,30,22160.0,13400,200.0,1.654,0
KE-0858,Affordable,1-Bedroom,Embakasi,37,46706.0,1728100.0,345600.0,296500.0,165900.0,2204300.0,6.0,20,15790.0,143700,2160.0,0.11,1
KE-0859,Affordable,2-Bedroom,Kibera,57,37898.0,2160200.0,432000.0,370700.0,207400.0,2755500.0,6.0,20,19740.0,88400,1330.0,0.223,1
KE-0860,Social,1-Bedroom,Westlands,32,54535.0,1745100.0,349000.0,196800.0,314100.0,1976800.0,3.0,25,9370.0,10200,150.0,0.919,0
KE-0861,Affordable,3-Bedroom,Westlands,78,67169.0,5239200.0,1047800.0,899000.0,503000.0,6683000.0,6.0,20,47880.0,48300,720.0,0.991,0
KE-0862,Affordable,1-Bedroom,Mombasa,34,58602.0,1992500.0,398500.0,341900.0,191300.0,2541600.0,6.0,15,21450.0,141900,2130.0,0.151,1
KE-0863,Affordable,2-Bedroom,Embakasi,53,47227.0,2503000.0,500600.0,429500.0,240300.0,3192800.0,6.0,20,22870.0,45500,680.0,0.503,0
KE-0864,Affordable,2-Bedroom,Mombasa,57,55166.0,3144500.0,628900.0,539600.0,301900.0,4011100.0,6.0,15,33850.0,132700,1990.0,0.255,1
KE-0865,Affordable,1-Bedroom,Kasarani,37,50830.0,1880700.0,376100.0,322700.0,180500.0,2399000.0,6.0,20,17190.0,38600,580.0,0.445,0
KE-0866,Affordable,Studio,Eastlands,20,44073.0,881500.0,176300.0,151300.0,84600.0,1124500.0,6.0,25,7250.0,89400,1340.0,0.081,1
KE-0867,Social,2-Bedroom,Kisumu,58,47574.0,2759300.0,551900.0,311300.0,496700.0,3125800.0,3.0,25,14820.0,19100,290.0,0.776,0
KE-0868,Social,2-Bedroom,Kasarani,52,46213.0,2403100.0,480600.0,271100.0,432600.0,2722200.0,3.0,25,12910.0,19300,290.0,0.669,0
KE-0869,Market-Rate,1-Bedroom,Eastlands,35,63372.0,2218000.0,443600.0,532300.0,0.0,3193900.0,9.0,15,32390.0,227500,3410.0,0.142,1
KE-0870,Market-Rate,2-Bedroom,Kibera,58,58851.0,3413400.0,682700.0,819200.0,0.0,4915300.0,9.0,15,49850.0,317000,4760.0,0.157,1
KE-0871,Affordable,1-Bedroom,Mombasa,35,59315.0,2076000.0,415200.0,356200.0,199300.0,2648100.0,6.0,25,17060.0,92600,1390.0,0.184,1
KE-0872,Social,2-Bedroom,Kibera,55,33455.0,1840000.0,368000.0,207600.0,331200.0,2084400.0,3.0,30,8790.0,14600,220.0,0.602,0
KE-0873,Affordable,Studio,Kibera,17,38306.0,651200.0,130200.0,111700.0,62500.0,830600.0,6.0,20,5950.0,20700,310.0,0.287,1
KE-0874,Affordable,3-Bedroom,Eastlands,77,43039.0,3314000.0,662800.0,568700.0,318100.0,4227400.0,6.0,15,35670.0,123500,1850.0,0.289,1
KE-0875,Social,1-Bedroom,Embakasi,36,44087.0,1587100.0,317400.0,179000.0,285700.0,1797800.0,3.0,15,12420.0,15800,240.0,0.786,0
KE-0876,Social,1-Bedroom,Eastlands,33,35523.0,1172300.0,234500.0,132200.0,211000.0,1328000.0,3.0,30,5600.0,15600,230.0,0.359,0
KE-0877,Affordable,Studio,Ruiru,18,46635.0,839400.0,167900.0,144000.0,80600.0,1070700.0,6.0,25,6900.0,109100,1640.0,0.063,1
KE-0878,Affordable,Studio,Westlands,21,62990.0,1322800.0,264600.0,227000.0,127000.0,1687400.0,6.0,15,14240.0,23300,350.0,0.611,0
KE-0879,Social,2-Bedroom,Westlands,56,54218.0,3036200.0,607200.0,342500.0,546500.0,3439400.0,3.0,30,14500.0,16800,250.0,0.863,0
KE-0880,Social,1-Bedroom,Kasarani,37,44156.0,1633800.0,326800.0,184300.0,294100.0,1850800.0,3.0,15,12780.0,13100,200.0,0.976,0
KE-0881,Social,2-Bedroom,Westlands,58,58729.0,3406300.0,681300.0,384200.0,613100.0,3858700.0,3.0,15,26650.0,18600,280.0,1.433,0
KE-0882,Affordable,Studio,Eastlands,20,40942.0,818800.0,163800.0,140500.0,78600.0,1044500.0,6.0,30,6260.0,73300,1100.0,0.085,1
KE-0883,Social,1-Bedroom,Nakuru,36,37036.0,1333300.0,266700.0,150400.0,240000.0,1510400.0,3.0,15,10430.0,18200,270.0,0.573,0
KE-0884,Social,1-Bedroom,Mombasa,34,48895.0,1662400.0,332500.0,187500.0,299200.0,1883200.0,3.0,15,13010.0,16600,250.0,0.784,0
KE-0885,Affordable,Studio,Eastlands,18,41533.0,747600.0,149500.0,128300.0,71800.0,953600.0,6.0,20,6830.0,77900,1170.0,0.088,1
KE-0886,Social,Studio,Eastlands,21,36380.0,764000.0,152800.0,86200.0,137500.0,865500.0,3.0,20,4800.0,13000,200.0,0.369,0
KE-0887,Affordable,1-Bedroom,Kisumu,34,51898.0,1764500.0,352900.0,302800.0,169400.0,2250800.0,6.0,15,18990.0,114400,1720.0,0.166,1
KE-0888,Social,1-Bedroom,Mombasa,34,50149.0,1705100.0,341000.0,192300.0,306900.0,1931500.0,3.0,25,9160.0,11400,170.0,0.804,0
KE-0889,Social,1-Bedroom,Ruiru,34,41830.0,1422200.0,284400.0,160400.0,256000.0,1611000.0,3.0,15,11130.0,12700,190.0,0.876,0
KE-0890,Social,2-Bedroom,Westlands,57,54413.0,3101600.0,620300.0,349900.0,558300.0,3513500.0,3.0,15,24260.0,16700,250.0,1.453,0
KE-0891,Affordable,2-Bedroom,Mombasa,57,56343.0,3211600.0,642300.0,551100.0,308300.0,4096700.0,6.0,20,29350.0,44700,670.0,0.657,0
KE-0892,Market-Rate,Studio,Westlands,19,92723.0,1761700.0,352300.0,422800.0,0.0,2536800.0,9.0,15,25730.0,413300,6200.0,0.062,1
KE-0893,Market-Rate,1-Bedroom,Kasarani,38,71967.0,2734700.0,546900.0,656300.0,0.0,3937900.0,9.0,25,33050.0,464900,6970.0,0.071,1
KE-0894,Affordable,3-Bedroom,Mombasa,82,57107.0,4682800.0,936600.0,803600.0,449600.0,5973400.0,6.0,20,42800.0,39800,600.0,1.075,0
KE-0895,Affordable,2-Bedroom,Westlands,55,64522.0,3548700.0,709700.0,609000.0,340700.0,4526700.0,6.0,30,27140.0,30400,460.0,0.893,0
KE-0896,Social,2-Bedroom,Ruiru,54,40147.0,2167900.0,433600.0,244500.0,390200.0,2455800.0,3.0,15,16960.0,15100,230.0,1.123,0
KE-0897,Social,1-Bedroom,Nairobi CBD,35,59202.0,2072100.0,414400.0,233700.0,373000.0,2347200.0,3.0,15,16210.0,13600,200.0,1.192,0
KE-0898,Market-Rate,2-Bedroom,Kibera,55,60403.0,3322200.0,664400.0,797300.0,0.0,4783900.0,9.0,20,43040.0,231500,3470.0,0.186,1
KE-0899,Social,2-Bedroom,Kibera,54,33632.0,1816200.0,363200.0,204900.0,326900.0,2057400.0,3.0,25,9760.0,15000,220.0,0.651,0
KE-0900,Social,2-Bedroom,Ruiru,53,39245.0,2080000.0,416000.0,234600.0,374400.0,2356200.0,3.0,25,11170.0,18300,270.0,0.61,0
KE-0901,Social,3-Bedroom,Kisumu,83,44154.0,3664800.0,733000.0,413400.0,659700.0,4151500.0,3.0,30,17500.0,19200,290.0,0.911,0
KE-0902,Social,Studio,Nairobi CBD,19,58523.0,1111900.0,222400.0,125400.0,200100.0,1259600.0,3.0,15,8700.0,10700,160.0,0.813,0
KE-0903,Social,Studio,Kasarani,19,46124.0,876300.0,175300.0,98900.0,157700.0,992800.0,3.0,20,5510.0,11800,180.0,0.467,0
KE-0904,Affordable,2-Bedroom,Ruiru,57,44799.0,2553500.0,510700.0,438200.0,245100.0,3257300.0,6.0,15,27490.0,131700,1980.0,0.209,1
KE-0905,Affordable,2-Bedroom,Kibera,54,39643.0,2140700.0,428100.0,367300.0,205500.0,2730600.0,6.0,15,23040.0,93600,1400.0,0.246,1
KE-0906,Market-Rate,Studio,Kibera,18,58105.0,1045900.0,209200.0,251000.0,0.0,1506100.0,9.0,15,15280.0,301000,4520.0,0.051,1
KE-0907,Market-Rate,1-Bedroom,Kibera,37,56979.0,2108200.0,421600.0,506000.0,0.0,3035800.0,9.0,25,25480.0,330800,4960.0,0.077,1
KE-0908,Affordable,Studio,Embakasi,17,49104.0,834800.0,167000.0,143300.0,80100.0,1065000.0,6.0,20,7630.0,139000,2080.0,0.055,1
KE-0909,Social,1-Bedroom,Ruiru,32,38160.0,1221100.0,244200.0,137700.0,219800.0,1383200.0,3.0,30,5830.0,16100,240.0,0.362,0
KE-0910,Affordable,2-Bedroom,Eastlands,55,40615.0,2233800.0,446800.0,383300.0,214400.0,2849500.0,6.0,15,24050.0,114000,1710.0,0.211,1
KE-0911,Affordable,2-Bedroom,Kasarani,58,50260.0,2915100.0,583000.0,500200.0,279800.0,3718500.0,6.0,25,23960.0,115600,1730.0,0.207,1
KE-0912,Social,1-Bedroom,Kibera,35,33240.0,1163400.0,232700.0,131200.0,209400.0,1317900.0,3.0,15,9100.0,18600,280.0,0.489,0
KE-0913,Affordable,1-Bedroom,Westlands,33,63810.0,2105700.0,421100.0,361300.0,202100.0,2686000.0,6.0,15,22670.0,120600,1810.0,0.188,1
KE-0914,Affordable,Studio,Ruiru,21,46171.0,969600.0,193900.0,166400.0,93100.0,1236800.0,6.0,25,7970.0,96000,1440.0,0.083,1
KE-0915,Affordable,1-Bedroom,Embakasi,38,48863.0,1856800.0,371400.0,318600.0,178300.0,2368500.0,6.0,25,15260.0,113300,1700.0,0.135,1
KE-0916,Affordable,2-Bedroom,Ruiru,52,46102.0,2397300.0,479500.0,411400.0,230100.0,3058100.0,6.0,30,18330.0,102200,1530.0,0.179,1
KE-0917,Social,3-Bedroom,Kasarani,80,45371.0,3629700.0,725900.0,409400.0,653300.0,4111700.0,3.0,25,19500.0,14400,220.0,1.354,0
KE-0918,Market-Rate,2-Bedroom,Embakasi,52,72246.0,3756800.0,751400.0,901600.0,0.0,5409800.0,9.0,25,45400.0,312400,4690.0,0.145,1
KE-0919,Affordable,Studio,Kasarani,18,51575.0,928400.0,185700.0,159300.0,89100.0,1184300.0,6.0,20,8480.0,147400,2210.0,0.058,1
KE-0920,Social,3-Bedroom,Ruiru,78,39052.0,3046100.0,609200.0,343600.0,548300.0,3450600.0,3.0,25,16360.0,12800,190.0,1.278,0
KE-0921,Market-Rate,2-Bedroom,Eastlands,56,63571.0,3560000.0,712000.0,854400.0,0.0,5126400.0,9.0,30,41250.0,174100,2610.0,0.237,1
KE-0922,Affordable,2-Bedroom,Kasarani,56,48733.0,2729000.0,545800.0,468300.0,262000.0,3481100.0,6.0,15,29380.0,58900,880.0,0.499,0
KE-0923,Market-Rate,1-Bedroom,Embakasi,37,74544.0,2758100.0,551600.0,661900.0,0.0,3971600.0,9.0,30,31960.0,330400,4960.0,0.097,1
KE-0924,Affordable,1-Bedroom,Embakasi,38,48496.0,1842800.0,368600.0,316200.0,176900.0,2350700.0,6.0,30,14090.0,136700,2050.0,0.103,1
KE-0925,Affordable,1-Bedroom,Kasarani,33,50621.0,1670500.0,334100.0,286700.0,160400.0,2130900.0,6.0,15,17980.0,122400,1840.0,0.147,1
KE-0926,Social,Studio,Nakuru,20,37857.0,757100.0,151400.0,85400.0,136300.0,857600.0,3.0,25,4070.0,15200,230.0,0.268,1
KE-0927,Social,1-Bedroom,Ruiru,32,40344.0,1291000.0,258200.0,145600.0,232400.0,1462400.0,3.0,20,8110.0,18700,280.0,0.434,0
KE-0928,Affordable,1-Bedroom,Nakuru,34,44376.0,1508800.0,301800.0,258900.0,144800.0,1924700.0,6.0,25,12400.0,113800,1710.0,0.109,1
KE-0929,Affordable,1-Bedroom,Kisumu,36,52190.0,1878800.0,375800.0,322400.0,180400.0,2396600.0,6.0,30,14370.0,39800,600.0,0.361,0
KE-0930,Social,2-Bedroom,Ruiru,54,39628.0,2139900.0,428000.0,241400.0,385200.0,2424100.0,3.0,30,10220.0,10900,160.0,0.938,0
KE-0931,Social,1-Bedroom,Kasarani,35,45397.0,1588900.0,317800.0,179200.0,286000.0,1799900.0,3.0,25,8540.0,11700,180.0,0.73,0
KE-0932,Market-Rate,Studio,Nairobi CBD,21,99208.0,2083400.0,416700.0,500000.0,0.0,3000100.0,9.0,30,24140.0,331300,4970.0,0.073,1
KE-0933,Market-Rate,3-Bedroom,Kasarani,79,73621.0,5816100.0,1163200.0,1395900.0,0.0,8375200.0,9.0,15,84950.0,226200,3390.0,0.376,0
KE-0934,Affordable,3-Bedroom,Nakuru,83,43219.0,3587200.0,717400.0,615600.0,344400.0,4575800.0,6.0,25,29480.0,86600,1300.0,0.34,0
KE-0935,Social,2-Bedroom,Eastlands,55,35146.0,1933000.0,386600.0,218000.0,347900.0,2189700.0,3.0,25,10380.0,15100,230.0,0.687,0
KE-0936,Social,3-Bedroom,Kasarani,77,44149.0,3399500.0,679900.0,383500.0,611900.0,3851000.0,3.0,30,16240.0,17200,260.0,0.944,0
KE-0937,Social,2-Bedroom,Kasarani,58,45703.0,2650800.0,530200.0,299000.0,477200.0,3002800.0,3.0,15,20740.0,10700,160.0,1.938,0
KE-0938,Market-Rate,3-Bedroom,Eastlands,80,63798.0,5103900.0,1020800.0,1224900.0,0.0,7349600.0,9.0,30,59140.0,406400,6100.0,0.146,1
KE-0939,Social,Studio,Kasarani,22,44466.0,978300.0,195700.0,110400.0,176100.0,1108300.0,3.0,20,6150.0,11800,180.0,0.521,0
KE-0940,Affordable,1-Bedroom,Kibera,36,37909.0,1364700.0,272900.0,234200.0,131000.0,1740800.0,6.0,30,10440.0,70600,1060.0,0.148,1
KE-0941,Social,1-Bedroom,Nairobi CBD,33,58552.0,1932200.0,386400.0,217900.0,347800.0,2188700.0,3.0,15,15110.0,16700,250.0,0.905,0
KE-0942,Affordable,Studio,Westlands,17,67179.0,1142000.0,228400.0,196000.0,109600.0,1456800.0,6.0,30,8730.0,51200,770.0,0.171,1
KE-0943,Affordable,Studio,Nairobi CBD,23,70336.0,1617700.0,323500.0,277600.0,155300.0,2063500.0,6.0,20,14780.0,55400,830.0,0.267,1
KE-0944,Market-Rate,2-Bedroom,Kasarani,58,73692.0,4274100.0,854800.0,1025800.0,0.0,6154700.0,9.0,20,55380.0,276700,4150.0,0.2,1
KE-0945,Social,2-Bedroom,Kibera,54,34929.0,1886200.0,377200.0,212800.0,339500.0,2136700.0,3.0,30,9010.0,13500,200.0,0.667,0
KE-0946,Social,2-Bedroom,Ruiru,56,39674.0,2221800.0,444400.0,250600.0,399900.0,2516900.0,3.0,20,13960.0,17400,260.0,0.802,0
KE-0947,Social,Studio,Kasarani,18,44215.0,795900.0,159200.0,89800.0,143300.0,901600.0,3.0,25,4280.0,19400,290.0,0.221,1
KE-0948,Market-Rate,2-Bedroom,Nakuru,55,63332.0,3483300.0,696700.0,836000.0,0.0,5016000.0,9.0,15,50880.0,248700,3730.0,0.205,1
KE-0949,Market-Rate,2-Bedroom,Kibera,53,55018.0,2915900.0,583200.0,699800.0,0.0,4198900.0,9.0,15,42590.0,395800,5940.0,0.108,1
KE-0950,Affordable,1-Bedroom,Eastlands,36,41621.0,1498400.0,299700.0,257100.0,143800.0,1911400.0,6.0,25,12320.0,107700,1620.0,0.114,1
KE-0951,Affordable,2-Bedroom,Kibera,56,38366.0,2148500.0,429700.0,368700.0,206300.0,2740600.0,6.0,30,16430.0,124600,1870.0,0.132,1
KE-0952,Affordable,1-Bedroom,Eastlands,37,40940.0,1514800.0,303000.0,259900.0,145400.0,1932300.0,6.0,30,11590.0,111500,1670.0,0.104,1
KE-0953,Social,1-Bedroom,Kisumu,37,48394.0,1790600.0,358100.0,202000.0,322300.0,2028400.0,3.0,20,11250.0,16600,250.0,0.678,0
KE-0954,Market-Rate,3-Bedroom,Westlands,78,98571.0,7688500.0,1537700.0,1845200.0,0.0,11071400.0,9.0,30,89080.0,479700,7200.0,0.186,1
KE-0955,Affordable,1-Bedroom,Mombasa,35,57053.0,1996900.0,399400.0,342700.0,191700.0,2547300.0,6.0,25,16410.0,117100,1760.0,0.14,1
KE-0956,Affordable,1-Bedroom,Kibera,33,39744.0,1311500.0,262300.0,225100.0,125900.0,1673000.0,6.0,25,10780.0,22000,330.0,0.49,0
KE-0957,Affordable,3-Bedroom,Embakasi,81,47981.0,3886500.0,777300.0,666900.0,373100.0,4957600.0,6.0,20,35520.0,85200,1280.0,0.417,0
KE-0958,Social,2-Bedroom,Nakuru,56,37770.0,2115100.0,423000.0,238600.0,380700.0,2396000.0,3.0,20,13290.0,13200,200.0,1.007,0
KE-0959,Social,Studio,Kasarani,19,43639.0,829100.0,165800.0,93500.0,149200.0,939200.0,3.0,20,5210.0,11100,170.0,0.469,0
KE-0960,Affordable,Studio,Nakuru,22,44685.0,983100.0,196600.0,168700.0,94400.0,1254000.0,6.0,30,7520.0,28200,420.0,0.267,1
KE-0961,Social,Studio,Nairobi CBD,19,57139.0,1085600.0,217100.0,122500.0,195400.0,1229800.0,3.0,20,6820.0,12300,180.0,0.554,0
KE-0962,Affordable,2-Bedroom,Mombasa,52,60211.0,3131000.0,626200.0,537300.0,300600.0,3993900.0,6.0,15,33700.0,33900,510.0,0.994,0
KE-0963,Social,1-Bedroom,Nairobi CBD,36,57031.0,2053100.0,410600.0,231600.0,369600.0,2325700.0,3.0,15,16060.0,18900,280.0,0.85,0
KE-0964,Affordable,Studio,Kisumu,19,53435.0,1015300.0,203100.0,174200.0,97500.0,1295100.0,6.0,20,9280.0,25500,380.0,0.364,0
KE-0965,Social,3-Bedroom,Mombasa,78,48513.0,3784000.0,756800.0,426800.0,681100.0,4286500.0,3.0,30,18070.0,17400,260.0,1.039,0
KE-0966,Affordable,2-Bedroom,Mombasa,57,56095.0,3197400.0,639500.0,548700.0,307000.0,4078600.0,6.0,25,26280.0,68800,1030.0,0.382,0
KE-0967,Affordable,1-Bedroom,Nairobi CBD,37,66603.0,2464300.0,492900.0,422900.0,236600.0,3143500.0,6.0,15,26530.0,112100,1680.0,0.237,1
KE-0968,Social,2-Bedroom,Eastlands,55,35916.0,1975400.0,395100.0,222800.0,355600.0,2237700.0,3.0,30,9430.0,13600,200.0,0.693,0
KE-0969,Affordable,2-Bedroom,Nairobi CBD,53,69697.0,3693900.0,738800.0,633900.0,354600.0,4712000.0,6.0,25,30360.0,66600,1000.0,0.456,0
KE-0970,Affordable,Studio,Nakuru,20,42960.0,859200.0,171800.0,147400.0,82500.0,1095900.0,6.0,30,6570.0,147800,2220.0,0.044,1
KE-0971,Affordable,1-Bedroom,Eastlands,34,43155.0,1467300.0,293500.0,251800.0,140900.0,1871700.0,6.0,25,12060.0,100700,1510.0,0.12,1
KE-0972,Market-Rate,2-Bedroom,Nakuru,58,63295.0,3671100.0,734200.0,881100.0,0.0,5286400.0,9.0,15,53620.0,227100,3410.0,0.236,1
KE-0973,Affordable,1-Bedroom,Kisumu,32,54692.0,1750100.0,350000.0,300300.0,168000.0,2232400.0,6.0,15,18840.0,86400,1300.0,0.218,1
KE-0974,Social,2-Bedroom,Kasarani,53,43481.0,2304500.0,460900.0,259900.0,414800.0,2610500.0,3.0,30,11010.0,15900,240.0,0.692,0
KE-0975,Social,1-Bedroom,Ruiru,33,39153.0,1292100.0,258400.0,145700.0,232600.0,1463600.0,3.0,15,10110.0,10400,160.0,0.972,0
KE-0976,Social,Studio,Eastlands,18,37705.0,678700.0,135700.0,76600.0,122200.0,768800.0,3.0,15,5310.0,13800,210.0,0.385,0
KE-0977,Affordable,Studio,Kisumu,20,52320.0,1046400.0,209300.0,179600.0,100500.0,1334800.0,6.0,30,8000.0,33100,500.0,0.242,1
KE-0978,Social,1-Bedroom,Embakasi,34,42812.0,1455600.0,291100.0,164200.0,262000.0,1648900.0,3.0,25,7820.0,12600,190.0,0.621,0
KE-0979,Affordable,1-Bedroom,Kisumu,33,50884.0,1679200.0,335800.0,288100.0,161200.0,2141900.0,6.0,25,13800.0,143700,2160.0,0.096,1
KE-0980,Affordable,Studio,Nairobi CBD,23,69324.0,1594500.0,318900.0,273600.0,153100.0,2033900.0,6.0,30,12190.0,104400,1570.0,0.117,1
KE-0981,Affordable,2-Bedroom,Nairobi CBD,53,69953.0,3707500.0,741500.0,636200.0,355900.0,4729300.0,6.0,25,30470.0,81000,1220.0,0.376,0
KE-0982,Affordable,3-Bedroom,Ruiru,82,43560.0,3571900.0,714400.0,612900.0,342900.0,4556300.0,6.0,15,38450.0,83300,1250.0,0.462,0
KE-0983,Social,2-Bedroom,Kisumu,52,46519.0,2419000.0,483800.0,272900.0,435400.0,2740300.0,3.0,30,11550.0,11500,170.0,1.004,0
KE-0984,Social,3-Bedroom,Westlands,82,56462.0,4629900.0,926000.0,522300.0,833400.0,5244800.0,3.0,20,29090.0,16200,240.0,1.796,0
KE-0985,Affordable,1-Bedroom,Kasarani,37,50744.0,1877500.0,375500.0,322200.0,180200.0,2395000.0,6.0,25,15430.0,52900,790.0,0.292,1
KE-0986,Affordable,3-Bedroom,Nairobi CBD,77,67028.0,5161200.0,1032200.0,885700.0,495500.0,6583600.0,6.0,20,47170.0,45100,680.0,1.046,0
KE-0987,Affordable,Studio,Ruiru,23,45962.0,1057100.0,211400.0,181400.0,101500.0,1348400.0,6.0,15,11380.0,121200,1820.0,0.094,1
KE-0988,Affordable,3-Bedroom,Kasarani,79,50749.0,4009200.0,801800.0,688000.0,384900.0,5114100.0,6.0,30,30660.0,56700,850.0,0.541,0
KE-0989,Social,3-Bedroom,Kisumu,82,46287.0,3795500.0,759100.0,428100.0,683200.0,4299500.0,3.0,25,20390.0,12600,190.0,1.618,0
KE-0990,Market-Rate,2-Bedroom,Kisumu,54,78798.0,4255100.0,851000.0,1021200.0,0.0,6127300.0,9.0,20,55130.0,399800,6000.0,0.138,1
KE-0991,Affordable,3-Bedroom,Mombasa,82,60075.0,4926100.0,985200.0,845300.0,472900.0,6283700.0,6.0,30,37670.0,63500,950.0,0.593,0
KE-0992,Affordable,2-Bedroom,Ruiru,56,46295.0,2592500.0,518500.0,444900.0,248900.0,3307000.0,6.0,20,23690.0,88300,1320.0,0.268,1
KE-0993,Social,1-Bedroom,Nairobi CBD,32,58483.0,1871500.0,374300.0,211100.0,336900.0,2120000.0,3.0,25,10050.0,16500,250.0,0.609,0
KE-0994,Affordable,1-Bedroom,Westlands,37,63491.0,2349200.0,469800.0,403100.0,225500.0,2996600.0,6.0,25,19310.0,140400,2110.0,0.138,1
KE-0995,Affordable,2-Bedroom,Kisumu,56,51024.0,2857300.0,571500.0,490300.0,274300.0,3644800.0,6.0,25,23480.0,89500,1340.0,0.262,1
KE-0996,Social,Studio,Westlands,20,57387.0,1147700.0,229500.0,129500.0,206600.0,1300100.0,3.0,20,7210.0,11200,170.0,0.644,0
KE-0997,Market-Rate,2-Bedroom,Kisumu,56,82366.0,4612500.0,922500.0,1107000.0,0.0,6642000.0,9.0,25,55740.0,469100,7040.0,0.119,1
KE-0998,Social,3-Bedroom,Nairobi CBD,78,59646.0,4652400.0,930500.0,524800.0,837400.0,5270300.0,3.0,30,22220.0,13900,210.0,1.599,0
KE-0999,Market-Rate,Studio,Kasarani,22,76185.0,1676100.0,335200.0,402300.0,0.0,2413600.0,9.0,15,24480.0,343600,5150.0,0.071,1
KE-1000,Affordable,2-Bedroom,Kibera,56,38240.0,2141400.0,428300.0,367500.0,205600.0,2731600.0,6.0,15,23050.0,109300,1640.0,0.211,1
